model,run,persona_type,persona_id,subgroup,accuracy,f1_weighted,f1_macro,mean_error,mean_absolute_error,hate_over_flagging_rate,offensive_over_flagging_rate,offensive_to_hate_rate,n_samples
gpt_oss_120b,r1,baseline,baseline,gender,0.4647887323943662,0.4390146761154988,0.4608865648469609,0.5704225352112676,0.6408450704225352,0.23809523809523808,0.49206349206349204,0.5208333333333334,142
gpt_oss_120b,r1,persona,15,gender,0.49295774647887325,0.47535804049888564,0.48681257014590357,0.5915492957746479,0.647887323943662,0.31746031746031744,0.3492063492063492,0.5416666666666666,142
gpt_oss_120b,r1,persona,35,gender,0.4507042253521127,0.4240853115428598,0.44023819238017525,0.6619718309859155,0.7183098591549296,0.38095238095238093,0.3492063492063492,0.5833333333333334,142
gpt_oss_120b,r1,persona,65,gender,0.44366197183098594,0.4107610069290753,0.43362661249316203,0.647887323943662,0.6901408450704225,0.30158730158730157,0.4603174603174603,0.5833333333333334,142
gpt_oss_120b,r1,persona,no_formal_education,gender,0.528169014084507,0.5101654653080655,0.525262224498312,0.5492957746478874,0.5915492957746479,0.2698412698412698,0.3968253968253968,0.4583333333333333,142
gpt_oss_120b,r1,persona,high_school_education,gender,0.45774647887323944,0.4331841436764553,0.4496757065564405,0.6267605633802817,0.6690140845070423,0.2857142857142857,0.42857142857142855,0.6041666666666666,142
gpt_oss_120b,r1,persona,higher_education,gender,0.4788732394366197,0.4605730577970998,0.47100070472163497,0.6056338028169014,0.6619718309859155,0.31746031746031744,0.3492063492063492,0.5833333333333334,142
gpt_oss_120b,r1,persona,male,gender,0.43661971830985913,0.4056608110515397,0.4245497464591712,0.6619718309859155,0.7323943661971831,0.38095238095238093,0.36507936507936506,0.5833333333333334,142
gpt_oss_120b,r1,persona,female,gender,0.4859154929577465,0.47051271688612795,0.47783187323934584,0.6126760563380281,0.6690140845070423,0.3492063492063492,0.30158730158730157,0.5833333333333334,142
gpt_oss_120b,r1,persona,not_lonely,gender,0.4859154929577465,0.4645395693502343,0.47921136556688393,0.6126760563380281,0.6690140845070423,0.3492063492063492,0.3492063492063492,0.5208333333333334,142
gpt_oss_120b,r1,persona,somewhat_lonely,gender,0.47183098591549294,0.4466730877412574,0.46475767064241374,0.6056338028169014,0.6619718309859155,0.30158730158730157,0.4126984126984127,0.5416666666666666,142
gpt_oss_120b,r1,persona,left-wing,gender,0.47183098591549294,0.45570782980768476,0.45978515664811753,0.6267605633802817,0.6830985915492958,0.3492063492063492,0.2857142857142857,0.6458333333333334,142
gpt_oss_120b,r1,persona,right-wing,gender,0.5,0.48287633174691375,0.49429515278571884,0.5633802816901409,0.6338028169014085,0.30158730158730157,0.3492063492063492,0.5208333333333334,142
gpt_oss_120b,r1,persona,centrist,gender,0.4647887323943662,0.44362401960737463,0.45488793468322203,0.6267605633802817,0.6971830985915493,0.36507936507936506,0.31746031746031744,0.5833333333333334,142
gpt_oss_120b,r1,persona,white,gender,0.4225352112676056,0.3914778365826791,0.41413026525739927,0.6267605633802817,0.6971830985915493,0.2698412698412698,0.49206349206349204,0.6041666666666666,142
gpt_oss_120b,r1,persona,black,gender,0.47183098591549294,0.4457746478873239,0.4682539682539682,0.5633802816901409,0.6338028169014085,0.23809523809523808,0.49206349206349204,0.5,142
gpt_oss_120b,r1,persona,asian,gender,0.4507042253521127,0.4254145911195798,0.4441672560901786,0.6056338028169014,0.676056338028169,0.2857142857142857,0.4444444444444444,0.5625,142
gpt_oss_120b,r1,persona,christian,gender,0.4788732394366197,0.45967360976530336,0.4706723547437361,0.5985915492957746,0.6690140845070423,0.3333333333333333,0.3333333333333333,0.5625,142
gpt_oss_120b,r1,persona,muslim,gender,0.4507042253521127,0.42146622890109986,0.442997227294245,0.5985915492957746,0.6690140845070423,0.2698412698412698,0.4603174603174603,0.5625,142
gpt_oss_120b,r1,persona,jewish,gender,0.528169014084507,0.5159044693237006,0.5237981126643826,0.5211267605633803,0.5915492957746479,0.2698412698412698,0.3333333333333333,0.5,142
gpt_oss_120b,r1,persona,atheist,gender,0.4859154929577465,0.47138093541313336,0.4787522746764432,0.6408450704225352,0.6830985915492958,0.38095238095238093,0.2857142857142857,0.5833333333333334,142
gpt_oss_120b,r1,persona,hindu,gender,0.45774647887323944,0.4332501030278053,0.45202237521514627,0.6056338028169014,0.6619718309859155,0.2698412698412698,0.4603174603174603,0.5625,142
gpt_oss_120b,r1,baseline,baseline,race_ethnicity,0.6257309941520468,0.580768959090855,0.4812931771534981,0.4152046783625731,0.5321637426900585,0.47058823529411764,0.29411764705882354,0.6666666666666666,171
gpt_oss_120b,r1,persona,15,race_ethnicity,0.6432748538011696,0.6011682968483154,0.5038680664006016,0.4327485380116959,0.5146198830409356,0.5098039215686274,0.19607843137254902,0.7037037037037037,171
gpt_oss_120b,r1,persona,35,race_ethnicity,0.6374269005847953,0.5861376382315739,0.4929410628880373,0.47368421052631576,0.5321637426900585,0.5686274509803921,0.19607843137254902,0.6666666666666666,171
gpt_oss_120b,r1,persona,65,race_ethnicity,0.631578947368421,0.5831937791059959,0.4872391071245834,0.4502923976608187,0.5321637426900585,0.5294117647058824,0.23529411764705882,0.6666666666666666,171
gpt_oss_120b,r1,persona,no_formal_education,race_ethnicity,0.6432748538011696,0.602140896877739,0.5066885066885067,0.4269005847953216,0.49707602339181284,0.47058823529411764,0.27450980392156865,0.6296296296296297,171
gpt_oss_120b,r1,persona,high_school_education,race_ethnicity,0.6081871345029239,0.5720020552783143,0.4680069157605328,0.4269005847953216,0.543859649122807,0.5098039215686274,0.21568627450980393,0.7407407407407407,171
gpt_oss_120b,r1,persona,higher_education,race_ethnicity,0.5964912280701754,0.5443809633733457,0.4327119883040936,0.4678362573099415,0.5730994152046783,0.5490196078431373,0.23529411764705882,0.7777777777777778,171
gpt_oss_120b,r1,persona,male,race_ethnicity,0.6257309941520468,0.5760029011872277,0.47485372190218006,0.45614035087719296,0.5380116959064327,0.5294117647058824,0.23529411764705882,0.7037037037037037,171
gpt_oss_120b,r1,persona,female,race_ethnicity,0.6198830409356725,0.571042582284801,0.46969462346216034,0.4619883040935672,0.5555555555555556,0.5686274509803921,0.17647058823529413,0.7407407407407407,171
gpt_oss_120b,r1,persona,not_lonely,race_ethnicity,0.6432748538011696,0.5957201441759535,0.501911250873515,0.4502923976608187,0.5087719298245614,0.5098039215686274,0.2549019607843137,0.6296296296296297,171
gpt_oss_120b,r1,persona,somewhat_lonely,race_ethnicity,0.6198830409356725,0.5749719320926752,0.47939021762551176,0.42105263157894735,0.5380116959064327,0.49019607843137253,0.29411764705882354,0.6296296296296297,171
gpt_oss_120b,r1,persona,left-wing,race_ethnicity,0.6432748538011696,0.5972657331942554,0.4999094912850372,0.4678362573099415,0.5146198830409356,0.5294117647058824,0.19607843137254902,0.7407407407407407,171
gpt_oss_120b,r1,persona,right-wing,race_ethnicity,0.6257309941520468,0.5898634146195335,0.5038561142889666,0.40350877192982454,0.543859649122807,0.5490196078431373,0.17647058823529413,0.5925925925925926,171
gpt_oss_120b,r1,persona,centrist,race_ethnicity,0.631578947368421,0.5906576432892222,0.4824460824460825,0.4269005847953216,0.49707602339181284,0.43137254901960786,0.3137254901960784,0.7037037037037037,171
gpt_oss_120b,r1,persona,white,race_ethnicity,0.6198830409356725,0.569394023639087,0.46403945151649273,0.4619883040935672,0.5321637426900585,0.5098039215686274,0.27450980392156865,0.7037037037037037,171
gpt_oss_120b,r1,persona,black,race_ethnicity,0.5964912280701754,0.558327938436465,0.43844355596338297,0.40350877192982454,0.5321637426900585,0.39215686274509803,0.37254901960784315,0.7777777777777778,171
gpt_oss_120b,r1,persona,asian,race_ethnicity,0.6198830409356725,0.562616982773411,0.457557291922617,0.47368421052631576,0.543859649122807,0.5490196078431373,0.2549019607843137,0.6666666666666666,171
gpt_oss_120b,r1,persona,christian,race_ethnicity,0.6257309941520468,0.5734736273081579,0.4766892186756537,0.4619883040935672,0.5555555555555556,0.5686274509803921,0.19607843137254902,0.7037037037037037,171
gpt_oss_120b,r1,persona,muslim,race_ethnicity,0.6023391812865497,0.5593402309191784,0.4394301994301994,0.4444444444444444,0.5380116959064327,0.47058823529411764,0.27450980392156865,0.8148148148148148,171
gpt_oss_120b,r1,persona,jewish,race_ethnicity,0.6257309941520468,0.5819904316143071,0.47248669018907985,0.4269005847953216,0.5321637426900585,0.5098039215686274,0.19607843137254902,0.7407407407407407,171
gpt_oss_120b,r1,persona,atheist,race_ethnicity,0.6140350877192983,0.5607036915961401,0.46381412468368993,0.4853801169590643,0.5672514619883041,0.6078431372549019,0.17647058823529413,0.7037037037037037,171
gpt_oss_120b,r1,persona,hindu,race_ethnicity,0.6198830409356725,0.5696490768325426,0.46337438853948293,0.4502923976608187,0.5321637426900585,0.49019607843137253,0.29411764705882354,0.7037037037037037,171
gpt_oss_120b,r1,baseline,baseline,religion,0.6831683168316832,0.6688806380638064,0.5226851851851851,0.297029702970297,0.4752475247524752,0.34285714285714286,0.22857142857142856,0.7777777777777778,101
gpt_oss_120b,r1,persona,15,religion,0.6831683168316832,0.6778807196576435,0.524882779198636,0.32673267326732675,0.44554455445544555,0.34285714285714286,0.22857142857142856,0.7777777777777778,101
gpt_oss_120b,r1,persona,35,religion,0.6732673267326733,0.665698441937217,0.5077906976744185,0.36633663366336633,0.44554455445544555,0.34285714285714286,0.2857142857142857,0.7777777777777778,101
gpt_oss_120b,r1,persona,65,religion,0.6435643564356436,0.6258707659206487,0.45819937968247676,0.37623762376237624,0.5148514851485149,0.42857142857142855,0.22857142857142856,0.7777777777777778,101
gpt_oss_120b,r1,persona,no_formal_education,religion,0.7029702970297029,0.6939599658918102,0.5425220774057984,0.32673267326732675,0.42574257425742573,0.34285714285714286,0.2,0.7777777777777778,101
gpt_oss_120b,r1,persona,high_school_education,religion,0.6435643564356436,0.6344268731698779,0.4673947170841581,0.36633663366336633,0.504950495049505,0.42857142857142855,0.2,0.7777777777777778,101
gpt_oss_120b,r1,persona,higher_education,religion,0.7029702970297029,0.6951120649581412,0.549236994783287,0.31683168316831684,0.43564356435643564,0.37142857142857144,0.14285714285714285,0.7777777777777778,101
gpt_oss_120b,r1,persona,male,religion,0.6831683168316832,0.6750305673522209,0.5254183421078086,0.33663366336633666,0.45544554455445546,0.37142857142857144,0.2,0.7777777777777778,101
gpt_oss_120b,r1,persona,female,religion,0.6831683168316832,0.6703870387038703,0.5292929292929293,0.37623762376237624,0.4752475247524752,0.45714285714285713,0.11428571428571428,0.7777777777777778,101
gpt_oss_120b,r1,persona,not_lonely,religion,0.6831683168316832,0.666419118692055,0.4988429183475622,0.36633663366336633,0.46534653465346537,0.42857142857142855,0.14285714285714285,0.7777777777777778,101
gpt_oss_120b,r1,persona,somewhat_lonely,religion,0.6633663366336634,0.6565425244570493,0.4828253765274226,0.32673267326732675,0.46534653465346537,0.34285714285714286,0.2571428571428571,0.7777777777777778,101
gpt_oss_120b,r1,persona,left-wing,religion,0.7029702970297029,0.6800572437447987,0.5342834698687017,0.40594059405940597,0.44554455445544555,0.42857142857142855,0.17142857142857143,0.7777777777777778,101
gpt_oss_120b,r1,persona,right-wing,religion,0.7128712871287128,0.7019558972725017,0.5864649443903124,0.3069306930693069,0.42574257425742573,0.37142857142857144,0.2,0.4444444444444444,101
gpt_oss_120b,r1,persona,centrist,religion,0.7029702970297029,0.7032604359337034,0.5573463573463574,0.31683168316831684,0.39603960396039606,0.2857142857142857,0.2857142857142857,0.6666666666666666,101
gpt_oss_120b,r1,persona,white,religion,0.7128712871287128,0.7054706838672924,0.5739612264920063,0.33663366336633666,0.4158415841584158,0.37142857142857144,0.17142857142857143,0.6666666666666666,101
gpt_oss_120b,r1,persona,black,religion,0.7128712871287128,0.7045685552064344,0.5703821756414239,0.297029702970297,0.4158415841584158,0.3142857142857143,0.22857142857142856,0.6666666666666666,101
gpt_oss_120b,r1,persona,asian,religion,0.693069306930693,0.6749699737775636,0.5038934233980674,0.36633663366336633,0.44554455445544555,0.4,0.17142857142857143,0.7777777777777778,101
gpt_oss_120b,r1,persona,christian,religion,0.6732673267326733,0.6526302937800657,0.4842950005665956,0.3465346534653465,0.48514851485148514,0.4,0.2,0.7777777777777778,101
gpt_oss_120b,r1,persona,muslim,religion,0.6732673267326733,0.6567185289957567,0.4894736842105263,0.39603960396039606,0.4752475247524752,0.42857142857142855,0.17142857142857143,0.8888888888888888,101
gpt_oss_120b,r1,persona,jewish,religion,0.693069306930693,0.6820352855820904,0.5366583784310858,0.31683168316831684,0.45544554455445546,0.4,0.14285714285714285,0.6666666666666666,101
gpt_oss_120b,r1,persona,atheist,religion,0.6831683168316832,0.6629537953795379,0.5147243107769424,0.40594059405940597,0.46534653465346537,0.42857142857142855,0.2,0.7777777777777778,101
gpt_oss_120b,r1,persona,hindu,religion,0.6831683168316832,0.6629537953795379,0.5147243107769424,0.40594059405940597,0.46534653465346537,0.42857142857142855,0.2,0.7777777777777778,101
gpt_oss_120b,r1,baseline,baseline,other,0.5882352941176471,0.586423602715586,0.5829414389335734,0.5294117647058824,0.6,0.3333333333333333,0.22916666666666666,0.2777777777777778,85
gpt_oss_120b,r1,persona,15,other,0.5411764705882353,0.5320432580186786,0.5312250291966317,0.5647058823529412,0.611764705882353,0.2708333333333333,0.3541666666666667,0.3888888888888889,85
gpt_oss_120b,r1,persona,35,other,0.5529411764705883,0.5489635854341737,0.5349206349206349,0.5647058823529412,0.611764705882353,0.2916666666666667,0.2916666666666667,0.4444444444444444,85
gpt_oss_120b,r1,persona,65,other,0.5647058823529412,0.5650842344760589,0.5380510888985466,0.5294117647058824,0.5764705882352941,0.25,0.2916666666666667,0.5,85
gpt_oss_120b,r1,persona,no_formal_education,other,0.6352941176470588,0.6349068114135352,0.6257525625669548,0.43529411764705883,0.4823529411764706,0.20833333333333334,0.2916666666666667,0.2777777777777778,85
gpt_oss_120b,r1,persona,high_school_education,other,0.5647058823529412,0.5598956824108954,0.5517241379310345,0.5411764705882353,0.5882352941176471,0.2708333333333333,0.3125,0.3888888888888889,85
gpt_oss_120b,r1,persona,higher_education,other,0.5294117647058824,0.5240174395359611,0.5075340741539901,0.6,0.6470588235294118,0.3125,0.2916666666666667,0.5,85
gpt_oss_120b,r1,persona,male,other,0.5647058823529412,0.5624632839926429,0.5451842490085754,0.5647058823529412,0.611764705882353,0.3125,0.25,0.4444444444444444,85
gpt_oss_120b,r1,persona,female,other,0.5647058823529412,0.5624632839926429,0.5451842490085754,0.5647058823529412,0.611764705882353,0.3125,0.25,0.4444444444444444,85
gpt_oss_120b,r1,persona,not_lonely,other,0.5647058823529412,0.5598956824108954,0.5517241379310345,0.5411764705882353,0.5882352941176471,0.2708333333333333,0.3125,0.3888888888888889,85
gpt_oss_120b,r1,persona,somewhat_lonely,other,0.5764705882352941,0.5688393462378549,0.5696116090482288,0.49411764705882355,0.5647058823529412,0.25,0.3333333333333333,0.2777777777777778,85
gpt_oss_120b,r1,persona,left-wing,other,0.5647058823529412,0.5650158592848905,0.5388752723311546,0.5882352941176471,0.6352941176470588,0.3541666666666667,0.1875,0.5,85
gpt_oss_120b,r1,persona,right-wing,other,0.5764705882352941,0.5758491111432289,0.5482040482040483,0.43529411764705883,0.5764705882352941,0.2708333333333333,0.22916666666666666,0.3333333333333333,85
gpt_oss_120b,r1,persona,centrist,other,0.5882352941176471,0.5869308222249399,0.5661815661815662,0.4823529411764706,0.5529411764705883,0.25,0.2708333333333333,0.3888888888888889,85
gpt_oss_120b,r1,persona,white,other,0.5294117647058824,0.5291792606370612,0.5153133162286481,0.5411764705882353,0.611764705882353,0.25,0.3541666666666667,0.4444444444444444,85
gpt_oss_120b,r1,persona,black,other,0.611764705882353,0.6130528718764012,0.5922845922845923,0.4823529411764706,0.5294117647058824,0.25,0.25,0.3888888888888889,85
gpt_oss_120b,r1,persona,asian,other,0.5647058823529412,0.5718494414137189,0.5381525145975531,0.4823529411764706,0.5529411764705883,0.20833333333333334,0.3125,0.5,85
gpt_oss_120b,r1,persona,christian,other,0.5529411764705883,0.5516380940241752,0.5279523293607801,0.5529411764705883,0.6,0.2708333333333333,0.2916666666666667,0.5,85
gpt_oss_120b,r1,persona,muslim,other,0.611764705882353,0.6125251442007058,0.5770523926057325,0.47058823529411764,0.5411764705882353,0.2708333333333333,0.1875,0.4444444444444444,85
gpt_oss_120b,r1,persona,jewish,other,0.6235294117647059,0.6256022408963585,0.5978354978354978,0.4823529411764706,0.5529411764705883,0.3125,0.14583333333333334,0.3888888888888889,85
gpt_oss_120b,r1,persona,atheist,other,0.6,0.6036685641998735,0.5839307048984468,0.5647058823529412,0.5882352941176471,0.3333333333333333,0.1875,0.4444444444444444,85
gpt_oss_120b,r1,persona,hindu,other,0.5764705882352941,0.5762440580555839,0.5665075725671861,0.5058823529411764,0.5764705882352941,0.2708333333333333,0.2916666666666667,0.3333333333333333,85
gpt_oss_120b,r1,baseline,baseline,none,0.4013605442176871,0.509891002259666,0.28732965223287804,0.8129251700680272,0.8333333333333334,0.25842696629213485,0.36329588014981273,0.3888888888888889,294
gpt_oss_120b,r1,persona,15,none,0.43197278911564624,0.5394564348063213,0.30670804854052214,0.782312925170068,0.8027210884353742,0.25842696629213485,0.3333333333333333,0.3333333333333333,294
gpt_oss_120b,r1,persona,35,none,0.3979591836734694,0.5079175109979884,0.27985397796718553,0.8537414965986394,0.8809523809523809,0.30711610486891383,0.3146067415730337,0.3888888888888889,294
gpt_oss_120b,r1,persona,65,none,0.3843537414965986,0.49838781510368035,0.2672602040112082,0.8231292517006803,0.8503401360544217,0.25842696629213485,0.3707865168539326,0.5,294
gpt_oss_120b,r1,persona,no_formal_education,none,0.41836734693877553,0.5239194396970611,0.30087940156905674,0.7755102040816326,0.8027210884353742,0.24344569288389514,0.36329588014981273,0.2777777777777778,294
gpt_oss_120b,r1,persona,high_school_education,none,0.40816326530612246,0.5226971566746884,0.280974626625175,0.8095238095238095,0.8367346938775511,0.2696629213483146,0.33707865168539325,0.4444444444444444,294
gpt_oss_120b,r1,persona,higher_education,none,0.41156462585034015,0.5234795216788015,0.28707240471946355,0.8299319727891157,0.8503401360544217,0.2883895131086142,0.31835205992509363,0.4444444444444444,294
gpt_oss_120b,r1,persona,male,none,0.42857142857142855,0.5398220857359826,0.29558450324850233,0.8095238095238095,0.8367346938775511,0.29213483146067415,0.2958801498127341,0.3888888888888889,294
gpt_oss_120b,r1,persona,female,none,0.41836734693877553,0.5330779400780596,0.2858002403870979,0.8299319727891157,0.8503401360544217,0.2958801498127341,0.299625468164794,0.5,294
gpt_oss_120b,r1,persona,not_lonely,none,0.42857142857142855,0.5363627357837254,0.3044310935707925,0.8197278911564626,0.8401360544217688,0.2958801498127341,0.299625468164794,0.3333333333333333,294
gpt_oss_120b,r1,persona,somewhat_lonely,none,0.3945578231292517,0.5027327953781553,0.28063062025326174,0.8027210884353742,0.8367346938775511,0.2546816479400749,0.3707865168539326,0.3333333333333333,294
gpt_oss_120b,r1,persona,left-wing,none,0.41156462585034015,0.5337261888882536,0.26812947401182696,0.8367346938775511,0.8639455782312925,0.30337078651685395,0.2883895131086142,0.6111111111111112,294
gpt_oss_120b,r1,persona,right-wing,none,0.4387755102040816,0.5526774338354784,0.2905459742669045,0.7482993197278912,0.8027210884353742,0.26591760299625467,0.30337078651685395,0.2777777777777778,294
gpt_oss_120b,r1,persona,centrist,none,0.391156462585034,0.5086117511520737,0.2647401433691756,0.8163265306122449,0.8503401360544217,0.26591760299625467,0.352059925093633,0.5,294
gpt_oss_120b,r1,persona,white,none,0.3945578231292517,0.5160555407302634,0.2633818660645325,0.8027210884353742,0.8299319727891157,0.24719101123595505,0.36329588014981273,0.6111111111111112,294
gpt_oss_120b,r1,persona,black,none,0.42857142857142855,0.5385091606377642,0.3090948400750754,0.717687074829932,0.7380952380952381,0.18352059925093633,0.40823970037453183,0.3888888888888889,294
gpt_oss_120b,r1,persona,asian,none,0.40816326530612246,0.5247964416535845,0.2781880341880342,0.8061224489795918,0.826530612244898,0.25842696629213485,0.3445692883895131,0.5555555555555556,294
gpt_oss_120b,r1,persona,christian,none,0.41496598639455784,0.5305167345983672,0.28038428038428037,0.8061224489795918,0.8333333333333334,0.27340823970037453,0.32209737827715357,0.5,294
gpt_oss_120b,r1,persona,muslim,none,0.4489795918367347,0.5649111565900962,0.29744611059044046,0.7346938775510204,0.7687074829931972,0.2397003745318352,0.31835205992509363,0.4444444444444444,294
gpt_oss_120b,r1,persona,jewish,none,0.4523809523809524,0.5637151074501466,0.3078218132875627,0.7346938775510204,0.7687074829931972,0.24344569288389514,0.31835205992509363,0.3333333333333333,294
gpt_oss_120b,r1,persona,atheist,none,0.41156462585034015,0.5301548460968546,0.2780935093509351,0.8231292517006803,0.8435374149659864,0.2808988764044944,0.31835205992509363,0.5555555555555556,294
gpt_oss_120b,r1,persona,hindu,none,0.4013605442176871,0.5138586565993689,0.2806855327177043,0.7925170068027211,0.8197278911564626,0.24344569288389514,0.3707865168539326,0.4444444444444444,294
gpt_oss_120b,r1,baseline,baseline,all,0.52,0.5257053389661875,0.4856733828929265,0.568,0.644,0.2591362126245847,0.3588039867109635,0.52,500
gpt_oss_120b,r1,persona,15,all,0.536,0.5433194638012976,0.49636522381411224,0.568,0.624,0.26245847176079734,0.33222591362126247,0.5333333333333333,500
gpt_oss_120b,r1,persona,35,all,0.514,0.5162738713187304,0.4718669924500552,0.618,0.67,0.30564784053156147,0.31893687707641194,0.56,500
gpt_oss_120b,r1,persona,65,all,0.506,0.5111595657299847,0.4658255901115888,0.598,0.658,0.2691029900332226,0.36212624584717606,0.5733333333333334,500
gpt_oss_120b,r1,persona,no_formal_education,all,0.542,0.5491094245204337,0.5089410749267801,0.552,0.608,0.24584717607973422,0.3521594684385382,0.48,500
gpt_oss_120b,r1,persona,high_school_education,all,0.514,0.5261759598256552,0.4730882956491788,0.576,0.648,0.2691029900332226,0.33554817275747506,0.5733333333333334,500
gpt_oss_120b,r1,persona,higher_education,all,0.524,0.53273154383516,0.47828385909535814,0.584,0.648,0.2823920265780731,0.3122923588039867,0.5866666666666667,500
gpt_oss_120b,r1,persona,male,all,0.528,0.5334261275685414,0.47899710205536916,0.59,0.654,0.29900332225913623,0.292358803986711,0.5733333333333334,500
gpt_oss_120b,r1,persona,female,all,0.526,0.5330834810874704,0.4771227344365642,0.596,0.656,0.29900332225913623,0.292358803986711,0.6,500
gpt_oss_120b,r1,persona,not_lonely,all,0.534,0.5381580381323062,0.4916573592983853,0.594,0.646,0.29900332225913623,0.29900332225913623,0.5333333333333333,500
gpt_oss_120b,r1,persona,somewhat_lonely,all,0.512,0.519013774195978,0.4769134593658206,0.568,0.644,0.25249169435215946,0.37209302325581395,0.52,500
gpt_oss_120b,r1,persona,left-wing,all,0.528,0.5324775439614149,0.4762334439753795,0.62,0.66,0.3122923588039867,0.2823920265780731,0.6266666666666667,500
gpt_oss_120b,r1,persona,right-wing,all,0.55,0.5591938726618146,0.5088448759880334,0.53,0.614,0.2691029900332226,0.2956810631229236,0.4666666666666667,500
gpt_oss_120b,r1,persona,centrist,all,0.524,0.5319188075630467,0.4841267397951767,0.574,0.63,0.2558139534883721,0.3521594684385382,0.5466666666666666,500
gpt_oss_120b,r1,persona,white,all,0.52,0.5305438005079659,0.4775763872854614,0.574,0.63,0.24916943521594684,0.3554817275747508,0.5866666666666667,500
gpt_oss_120b,r1,persona,black,all,0.538,0.5520487050537342,0.5037669870230005,0.518,0.586,0.19933554817275748,0.38870431893687707,0.52,500
gpt_oss_120b,r1,persona,asian,all,0.52,0.5286706020547254,0.47560265007197255,0.574,0.634,0.2558139534883721,0.3488372093023256,0.5733333333333334,500
gpt_oss_120b,r1,persona,christian,all,0.526,0.5317187231680385,0.4722382502766637,0.578,0.646,0.27906976744186046,0.3089700996677741,0.6,500
gpt_oss_120b,r1,persona,muslim,all,0.546,0.558860168631575,0.4974653428464244,0.538,0.598,0.23920265780730898,0.3222591362126246,0.5733333333333334,500
gpt_oss_120b,r1,persona,jewish,all,0.558,0.5682598820515957,0.5121335262365748,0.522,0.594,0.24916943521594684,0.3023255813953488,0.5066666666666667,500
gpt_oss_120b,r1,persona,atheist,all,0.534,0.5410733822368109,0.48935534306962875,0.6,0.644,0.2956810631229236,0.2956810631229236,0.5866666666666667,500
gpt_oss_120b,r1,persona,hindu,all,0.528,0.5352771124368234,0.49079206726831837,0.57,0.626,0.25249169435215946,0.3554817275747508,0.5333333333333333,500
gpt_oss_120b,r2,baseline,baseline,gender,0.4859154929577465,0.4642967361277221,0.4802086802086802,0.5704225352112676,0.6408450704225352,0.2857142857142857,0.3968253968253968,0.5208333333333334,142
gpt_oss_120b,r2,persona,15,gender,0.4788732394366197,0.4579694270925589,0.4727673829820869,0.5845070422535211,0.6408450704225352,0.2698412698412698,0.4126984126984127,0.5625,142
gpt_oss_120b,r2,persona,35,gender,0.45774647887323944,0.4359130307813232,0.44747889434380594,0.6549295774647887,0.7112676056338029,0.38095238095238093,0.31746031746031744,0.6041666666666666,142
gpt_oss_120b,r2,persona,65,gender,0.47183098591549294,0.44729141171910036,0.464112250404749,0.6197183098591549,0.676056338028169,0.3333333333333333,0.38095238095238093,0.5416666666666666,142
gpt_oss_120b,r2,persona,no_formal_education,gender,0.4859154929577465,0.47371603357518843,0.4806397306397307,0.5915492957746479,0.647887323943662,0.30158730158730157,0.3492063492063492,0.5833333333333334,142
gpt_oss_120b,r2,persona,high_school_education,gender,0.4859154929577465,0.46408572017808836,0.47938558713752516,0.6056338028169014,0.6619718309859155,0.3333333333333333,0.36507936507936506,0.5208333333333334,142
gpt_oss_120b,r2,persona,higher_education,gender,0.45774647887323944,0.4320969726520679,0.4497506124957105,0.6126760563380281,0.6690140845070423,0.2857142857142857,0.42857142857142855,0.5833333333333334,142
gpt_oss_120b,r2,persona,male,gender,0.45774647887323944,0.43403877182128087,0.4497559575078955,0.6056338028169014,0.6619718309859155,0.2698412698412698,0.42857142857142855,0.6041666666666666,142
gpt_oss_120b,r2,persona,female,gender,0.4295774647887324,0.4018207561554965,0.41666788859291115,0.6830985915492958,0.7253521126760564,0.3492063492063492,0.38095238095238093,0.6666666666666666,142
gpt_oss_120b,r2,persona,not_lonely,gender,0.4859154929577465,0.46767558211220184,0.4792368125701459,0.5915492957746479,0.647887323943662,0.30158730158730157,0.36507936507936506,0.5625,142
gpt_oss_120b,r2,persona,somewhat_lonely,gender,0.44366197183098594,0.415130071896759,0.43497431178590595,0.6197183098591549,0.676056338028169,0.2698412698412698,0.4603174603174603,0.6041666666666666,142
gpt_oss_120b,r2,persona,left-wing,gender,0.4154929577464789,0.38497312939231093,0.3994927721674311,0.6901408450704225,0.7464788732394366,0.36507936507936506,0.36507936507936506,0.6875,142
gpt_oss_120b,r2,persona,right-wing,gender,0.5070422535211268,0.499443998485936,0.5055227355367607,0.49295774647887325,0.6197183098591549,0.2698412698412698,0.3492063492063492,0.4791666666666667,142
gpt_oss_120b,r2,persona,centrist,gender,0.4788732394366197,0.45579307301674504,0.47314447659533937,0.5845070422535211,0.6408450704225352,0.2698412698412698,0.42857142857142855,0.5416666666666666,142
gpt_oss_120b,r2,persona,white,gender,0.45774647887323944,0.43432093618795226,0.44880197322057785,0.6197183098591549,0.676056338028169,0.30158730158730157,0.3968253968253968,0.6041666666666666,142
gpt_oss_120b,r2,persona,black,gender,0.5211267605633803,0.5098562229842178,0.5216145538310486,0.4859154929577465,0.5563380281690141,0.1746031746031746,0.4444444444444444,0.5,142
gpt_oss_120b,r2,persona,asian,gender,0.45774647887323944,0.4322679375406966,0.44929743558993424,0.6197183098591549,0.676056338028169,0.30158730158730157,0.4126984126984127,0.5833333333333334,142
gpt_oss_120b,r2,persona,christian,gender,0.4647887323943662,0.4393246492844295,0.4575112938308196,0.6056338028169014,0.6619718309859155,0.2857142857142857,0.42857142857142855,0.5625,142
gpt_oss_120b,r2,persona,muslim,gender,0.44366197183098594,0.4172385915965038,0.43509859784369587,0.6126760563380281,0.6690140845070423,0.25396825396825395,0.4603174603174603,0.625,142
gpt_oss_120b,r2,persona,jewish,gender,0.49295774647887325,0.47416591369438893,0.4882436404175534,0.5633802816901409,0.6197183098591549,0.25396825396825395,0.4126984126984127,0.5416666666666666,142
gpt_oss_120b,r2,persona,atheist,gender,0.45774647887323944,0.43828976996776897,0.44558516196447234,0.647887323943662,0.704225352112676,0.36507936507936506,0.30158730158730157,0.6458333333333334,142
gpt_oss_120b,r2,persona,hindu,gender,0.49295774647887325,0.47497555618091813,0.4870687872105493,0.5845070422535211,0.6408450704225352,0.30158730158730157,0.36507936507936506,0.5416666666666666,142
gpt_oss_120b,r2,baseline,baseline,race_ethnicity,0.6257309941520468,0.5731395613365985,0.4764062757063161,0.4444444444444444,0.5614035087719298,0.5686274509803921,0.19607843137254902,0.6666666666666666,171
gpt_oss_120b,r2,persona,15,race_ethnicity,0.631578947368421,0.5853667335835443,0.48342730790491983,0.4327485380116959,0.5263157894736842,0.5098039215686274,0.23529411764705882,0.6666666666666666,171
gpt_oss_120b,r2,persona,35,race_ethnicity,0.631578947368421,0.5825910622913408,0.48595395549315756,0.4502923976608187,0.543859649122807,0.5490196078431373,0.19607843137254902,0.7037037037037037,171
gpt_oss_120b,r2,persona,65,race_ethnicity,0.6374269005847953,0.5915537301284856,0.49756681862876556,0.4444444444444444,0.5263157894736842,0.5294117647058824,0.21568627450980393,0.6666666666666666,171
gpt_oss_120b,r2,persona,no_formal_education,race_ethnicity,0.6140350877192983,0.5740967076617524,0.471911551267822,0.40350877192982454,0.543859649122807,0.47058823529411764,0.27450980392156865,0.7037037037037037,171
gpt_oss_120b,r2,persona,high_school_education,race_ethnicity,0.6140350877192983,0.5662175213068957,0.46940182459050384,0.43859649122807015,0.5555555555555556,0.5294117647058824,0.2549019607843137,0.6666666666666666,171
gpt_oss_120b,r2,persona,higher_education,race_ethnicity,0.631578947368421,0.5768174627929774,0.4825243962213706,0.47368421052631576,0.543859649122807,0.5686274509803921,0.21568627450980393,0.6666666666666666,171
gpt_oss_120b,r2,persona,male,race_ethnicity,0.631578947368421,0.5842743957745118,0.4849946920431501,0.4502923976608187,0.5321637426900585,0.5294117647058824,0.21568627450980393,0.7037037037037037,171
gpt_oss_120b,r2,persona,female,race_ethnicity,0.6374269005847953,0.5796805544596122,0.47345077461269364,0.49122807017543857,0.5263157894736842,0.5490196078431373,0.21568627450980393,0.7407407407407407,171
gpt_oss_120b,r2,persona,not_lonely,race_ethnicity,0.6198830409356725,0.5783236243762558,0.4784963534963535,0.4327485380116959,0.5263157894736842,0.49019607843137253,0.27450980392156865,0.6666666666666666,171
gpt_oss_120b,r2,persona,somewhat_lonely,race_ethnicity,0.6140350877192983,0.5624958946890711,0.4510934309053778,0.45614035087719296,0.5380116959064327,0.49019607843137253,0.29411764705882354,0.7407407407407407,171
gpt_oss_120b,r2,persona,left-wing,race_ethnicity,0.6257309941520468,0.5712336531205512,0.4669606398329802,0.4853801169590643,0.543859649122807,0.5686274509803921,0.19607843137254902,0.7407407407407407,171
gpt_oss_120b,r2,persona,right-wing,race_ethnicity,0.631578947368421,0.605588592305941,0.5235964863092349,0.3684210526315789,0.5321637426900585,0.5098039215686274,0.1568627450980392,0.6296296296296297,171
gpt_oss_120b,r2,persona,centrist,race_ethnicity,0.6140350877192983,0.5636907848762367,0.4507957721872817,0.4502923976608187,0.5321637426900585,0.49019607843137253,0.29411764705882354,0.7037037037037037,171
gpt_oss_120b,r2,persona,white,race_ethnicity,0.6140350877192983,0.5610043962778967,0.448707684843056,0.4678362573099415,0.5497076023391813,0.5490196078431373,0.21568627450980393,0.7407407407407407,171
gpt_oss_120b,r2,persona,black,race_ethnicity,0.6257309941520468,0.5953612845673506,0.48301761382519115,0.3684210526315789,0.4853801169590643,0.3333333333333333,0.39215686274509803,0.7037037037037037,171
gpt_oss_120b,r2,persona,asian,race_ethnicity,0.6081871345029239,0.5544283646577455,0.4494910955648635,0.47368421052631576,0.5672514619883041,0.5686274509803921,0.21568627450980393,0.7407407407407407,171
gpt_oss_120b,r2,persona,christian,race_ethnicity,0.6374269005847953,0.5954721803110438,0.5046103645815974,0.4269005847953216,0.52046783625731,0.5098039215686274,0.23529411764705882,0.6296296296296297,171
gpt_oss_120b,r2,persona,muslim,race_ethnicity,0.631578947368421,0.5736167341430499,0.4534690799396682,0.47953216374269003,0.5380116959064327,0.5686274509803921,0.13725490196078433,0.8148148148148148,171
gpt_oss_120b,r2,persona,jewish,race_ethnicity,0.6081871345029239,0.5704420481325431,0.4596562641338761,0.40350877192982454,0.5321637426900585,0.45098039215686275,0.29411764705882354,0.7037037037037037,171
gpt_oss_120b,r2,persona,atheist,race_ethnicity,0.6257309941520468,0.5790884946423046,0.47609355818311044,0.4678362573099415,0.5497076023391813,0.5882352941176471,0.11764705882352941,0.7777777777777778,171
gpt_oss_120b,r2,persona,hindu,race_ethnicity,0.631578947368421,0.5889345188514165,0.4746452378031325,0.4152046783625731,0.4853801169590643,0.39215686274509803,0.37254901960784315,0.6666666666666666,171
gpt_oss_120b,r2,baseline,baseline,religion,0.693069306930693,0.6790986728211785,0.5364401529232211,0.3069306930693069,0.46534653465346537,0.37142857142857144,0.17142857142857143,0.7777777777777778,101
gpt_oss_120b,r2,persona,15,religion,0.6831683168316832,0.6659585496825788,0.49711551338710835,0.3465346534653465,0.46534653465346537,0.4,0.17142857142857143,0.7777777777777778,101
gpt_oss_120b,r2,persona,35,religion,0.6831683168316832,0.6627075065276944,0.4954363841012264,0.33663366336633666,0.4752475247524752,0.4,0.17142857142857143,0.7777777777777778,101
gpt_oss_120b,r2,persona,65,religion,0.6633663366336634,0.636916548797737,0.4672753311851056,0.39603960396039606,0.49504950495049505,0.42857142857142855,0.22857142857142856,0.7777777777777778,101
gpt_oss_120b,r2,persona,no_formal_education,religion,0.6633663366336634,0.6498040297257428,0.5065451344521111,0.32673267326732675,0.504950495049505,0.4,0.2,0.7777777777777778,101
gpt_oss_120b,r2,persona,high_school_education,religion,0.6831683168316832,0.6721451470472884,0.49795553283925376,0.32673267326732675,0.44554455445544555,0.34285714285714286,0.22857142857142856,0.7777777777777778,101
gpt_oss_120b,r2,persona,higher_education,religion,0.6732673267326733,0.6567319763601225,0.5071969106865508,0.37623762376237624,0.4752475247524752,0.4,0.22857142857142856,0.7777777777777778,101
gpt_oss_120b,r2,persona,male,religion,0.6831683168316832,0.663020148168663,0.497021497021497,0.3564356435643564,0.4752475247524752,0.42857142857142855,0.14285714285714285,0.7777777777777778,101
gpt_oss_120b,r2,persona,female,religion,0.6831683168316832,0.6565330868178277,0.48559030839358525,0.40594059405940597,0.46534653465346537,0.42857142857142855,0.2,0.7777777777777778,101
gpt_oss_120b,r2,persona,not_lonely,religion,0.7029702970297029,0.7056329908729989,0.5296840039077447,0.297029702970297,0.39603960396039606,0.2857142857142857,0.2,0.8888888888888888,101
gpt_oss_120b,r2,persona,somewhat_lonely,religion,0.6831683168316832,0.669002284843869,0.49743589743589745,0.33663366336633666,0.45544554455445546,0.37142857142857144,0.2,0.7777777777777778,101
gpt_oss_120b,r2,persona,left-wing,religion,0.6732673267326733,0.6406320427439164,0.5241261722080136,0.45544554455445546,0.5148514851485149,0.5428571428571428,0.14285714285714285,0.6666666666666666,101
gpt_oss_120b,r2,persona,right-wing,religion,0.6534653465346535,0.666729556520175,0.5179891955848239,0.2376237623762376,0.4752475247524752,0.3142857142857143,0.2,0.7777777777777778,101
gpt_oss_120b,r2,persona,centrist,religion,0.7029702970297029,0.6989480198019802,0.5368055555555556,0.33663366336633666,0.39603960396039606,0.2857142857142857,0.2857142857142857,0.7777777777777778,101
gpt_oss_120b,r2,persona,white,religion,0.6732673267326733,0.6592007946705248,0.4881328001938689,0.36633663366336633,0.46534653465346537,0.4,0.2,0.7777777777777778,101
gpt_oss_120b,r2,persona,black,religion,0.7326732673267327,0.7277463460631778,0.5732804232804233,0.25742574257425743,0.37623762376237624,0.2571428571428571,0.2,0.7777777777777778,101
gpt_oss_120b,r2,persona,asian,religion,0.6534653465346535,0.6288543140028288,0.49058360186179734,0.39603960396039606,0.5346534653465347,0.5142857142857142,0.14285714285714285,0.6666666666666666,101
gpt_oss_120b,r2,persona,christian,religion,0.6732673267326733,0.6669297572712127,0.49511531180477825,0.33663366336633666,0.45544554455445546,0.34285714285714286,0.22857142857142856,0.8888888888888888,101
gpt_oss_120b,r2,persona,muslim,religion,0.7128712871287128,0.6940954599661647,0.5218765868920667,0.37623762376237624,0.4158415841584158,0.37142857142857144,0.17142857142857143,0.8888888888888888,101
gpt_oss_120b,r2,persona,jewish,religion,0.6831683168316832,0.672619342291372,0.5329124149659864,0.3465346534653465,0.44554455445544555,0.34285714285714286,0.2857142857142857,0.6666666666666666,101
gpt_oss_120b,r2,persona,atheist,religion,0.7029702970297029,0.698149485602199,0.5216241764001198,0.3069306930693069,0.40594059405940597,0.3142857142857143,0.2,0.7777777777777778,101
gpt_oss_120b,r2,persona,hindu,religion,0.693069306930693,0.6768033946251768,0.5,0.38613861386138615,0.42574257425742573,0.34285714285714286,0.2571428571428571,0.8888888888888888,101
gpt_oss_120b,r2,baseline,baseline,other,0.5411764705882353,0.5328291316526611,0.5253968253968253,0.5647058823529412,0.6352941176470588,0.3125,0.2916666666666667,0.3888888888888889,85
gpt_oss_120b,r2,persona,15,other,0.5764705882352941,0.5758307533539732,0.5551656920077973,0.5411764705882353,0.5882352941176471,0.2916666666666667,0.25,0.4444444444444444,85
gpt_oss_120b,r2,persona,35,other,0.5529411764705883,0.551231572441183,0.52787092927938,0.5882352941176471,0.6352941176470588,0.3333333333333333,0.22916666666666666,0.5,85
gpt_oss_120b,r2,persona,65,other,0.5647058823529412,0.5631415565076999,0.5456552040022585,0.5294117647058824,0.5764705882352941,0.25,0.3125,0.4444444444444444,85
gpt_oss_120b,r2,persona,no_formal_education,other,0.6235294117647059,0.6267366609615996,0.609305944219732,0.5176470588235295,0.5411764705882353,0.2916666666666667,0.20833333333333334,0.3888888888888889,85
gpt_oss_120b,r2,persona,high_school_education,other,0.5882352941176471,0.5889742452527061,0.5650858048301622,0.5176470588235295,0.5647058823529412,0.2708333333333333,0.25,0.4444444444444444,85
gpt_oss_120b,r2,persona,higher_education,other,0.5529411764705883,0.5513194415328498,0.5342203215332225,0.5882352941176471,0.611764705882353,0.2916666666666667,0.2916666666666667,0.5,85
gpt_oss_120b,r2,persona,male,other,0.5647058823529412,0.5596270422182928,0.5515069194275477,0.5529411764705883,0.6,0.2916666666666667,0.2916666666666667,0.3888888888888889,85
gpt_oss_120b,r2,persona,female,other,0.5529411764705883,0.5512454544877613,0.5342899269967994,0.6,0.6235294117647059,0.3125,0.2708333333333333,0.5,85
gpt_oss_120b,r2,persona,not_lonely,other,0.5529411764705883,0.5488550598507654,0.5351281429379902,0.5882352941176471,0.6352941176470588,0.3333333333333333,0.25,0.4444444444444444,85
gpt_oss_120b,r2,persona,somewhat_lonely,other,0.5764705882352941,0.5794858859036571,0.5568703890006707,0.6,0.6235294117647059,0.3541666666666667,0.1875,0.5,85
gpt_oss_120b,r2,persona,left-wing,other,0.5647058823529412,0.5558659264342004,0.5572876163544244,0.5764705882352941,0.6235294117647059,0.3333333333333333,0.2708333333333333,0.3333333333333333,85
gpt_oss_120b,r2,persona,right-wing,other,0.5411764705882353,0.553603152265691,0.5247846889952154,0.3764705882352941,0.611764705882353,0.25,0.2708333333333333,0.2777777777777778,85
gpt_oss_120b,r2,persona,centrist,other,0.5764705882352941,0.5751208857422611,0.5638497652582161,0.49411764705882355,0.5411764705882353,0.20833333333333334,0.3541666666666667,0.3888888888888889,85
gpt_oss_120b,r2,persona,white,other,0.5764705882352941,0.5734715421604977,0.5619153666038845,0.5294117647058824,0.5764705882352941,0.2708333333333333,0.2916666666666667,0.3888888888888889,85
gpt_oss_120b,r2,persona,black,other,0.5764705882352941,0.5853264382676148,0.539072039072039,0.4588235294117647,0.5294117647058824,0.1875,0.2916666666666667,0.5555555555555556,85
gpt_oss_120b,r2,persona,asian,other,0.5882352941176471,0.5869762641898865,0.5727095516569201,0.5411764705882353,0.5882352941176471,0.3125,0.22916666666666666,0.3888888888888889,85
gpt_oss_120b,r2,persona,christian,other,0.5647058823529412,0.5624978225309625,0.5450463464547971,0.5529411764705883,0.6,0.2916666666666667,0.2708333333333333,0.4444444444444444,85
gpt_oss_120b,r2,persona,muslim,other,0.6,0.6030480785044681,0.5667391529460496,0.4823529411764706,0.5294117647058824,0.22916666666666666,0.25,0.5,85
gpt_oss_120b,r2,persona,jewish,other,0.5647058823529412,0.5650842344760589,0.5380510888985466,0.5294117647058824,0.5764705882352941,0.25,0.2916666666666667,0.5,85
gpt_oss_120b,r2,persona,atheist,other,0.5764705882352941,0.5778287344167928,0.5475419451810394,0.5176470588235295,0.5647058823529412,0.25,0.2708333333333333,0.5,85
gpt_oss_120b,r2,persona,hindu,other,0.6235294117647059,0.6257997936016512,0.6023391812865496,0.47058823529411764,0.5176470588235295,0.25,0.22916666666666666,0.3888888888888889,85
gpt_oss_120b,r2,baseline,baseline,none,0.42517006802721086,0.536258633491401,0.2939956266692487,0.8061224489795918,0.8333333333333334,0.2846441947565543,0.30711610486891383,0.3888888888888889,294
gpt_oss_120b,r2,persona,15,none,0.3945578231292517,0.5066575091866512,0.2756145131788357,0.8197278911564626,0.8469387755102041,0.26591760299625467,0.35580524344569286,0.4444444444444444,294
gpt_oss_120b,r2,persona,35,none,0.41836734693877553,0.5384084622990326,0.27630548161822927,0.8333333333333334,0.8605442176870748,0.30711610486891383,0.2808988764044944,0.5555555555555556,294
gpt_oss_120b,r2,persona,65,none,0.38095238095238093,0.49255796428820947,0.2666592918636515,0.8605442176870748,0.8945578231292517,0.30337078651685395,0.3333333333333333,0.3888888888888889,294
gpt_oss_120b,r2,persona,no_formal_education,none,0.42857142857142855,0.5387215203541734,0.29964726631393296,0.7755102040816326,0.8027210884353742,0.2546816479400749,0.33707865168539325,0.3333333333333333,294
gpt_oss_120b,r2,persona,high_school_education,none,0.4013605442176871,0.5130722685093112,0.28123712765222203,0.8333333333333334,0.8605442176870748,0.2883895131086142,0.3295880149812734,0.3888888888888889,294
gpt_oss_120b,r2,persona,higher_education,none,0.3945578231292517,0.5053231299279924,0.279167377045109,0.8333333333333334,0.8537414965986394,0.27340823970037453,0.352059925093633,0.4444444444444444,294
gpt_oss_120b,r2,persona,male,none,0.41156462585034015,0.5274911869739456,0.2780177995695237,0.8095238095238095,0.8435374149659864,0.2808988764044944,0.31835205992509363,0.4444444444444444,294
gpt_oss_120b,r2,persona,female,none,0.4013605442176871,0.5165184977072981,0.2779526467409496,0.8401360544217688,0.8537414965986394,0.2808988764044944,0.3333333333333333,0.5555555555555556,294
gpt_oss_120b,r2,persona,not_lonely,none,0.43537414965986393,0.5458145714918432,0.30288706806755084,0.7789115646258503,0.8061224489795918,0.26591760299625467,0.31835205992509363,0.3333333333333333,294
gpt_oss_120b,r2,persona,somewhat_lonely,none,0.3945578231292517,0.506973291302062,0.2779587957777551,0.8367346938775511,0.8571428571428571,0.27715355805243447,0.34831460674157305,0.4444444444444444,294
gpt_oss_120b,r2,persona,left-wing,none,0.3877551020408163,0.49812310422350176,0.2747906441225994,0.8639455782312925,0.8843537414965986,0.299625468164794,0.3333333333333333,0.4444444444444444,294
gpt_oss_120b,r2,persona,right-wing,none,0.4387755102040816,0.5499627705401207,0.2962212910399439,0.7517006802721088,0.7993197278911565,0.26217228464419473,0.31086142322097376,0.2777777777777778,294
gpt_oss_120b,r2,persona,centrist,none,0.391156462585034,0.4991054711358594,0.2809594892685852,0.8095238095238095,0.8367346938775511,0.250936329588015,0.38202247191011235,0.3333333333333333,294
gpt_oss_120b,r2,persona,white,none,0.43197278911564624,0.5444331333448456,0.297767708022727,0.7925170068027211,0.8129251700680272,0.2696629213483146,0.3146067415730337,0.4444444444444444,294
gpt_oss_120b,r2,persona,black,none,0.46258503401360546,0.5726208946558943,0.3283532719554551,0.6666666666666666,0.6870748299319728,0.1647940074906367,0.3895131086142322,0.3888888888888889,294
gpt_oss_120b,r2,persona,asian,none,0.4013605442176871,0.5139676982742913,0.2775395420668593,0.8367346938775511,0.8639455782312925,0.29213483146067415,0.32209737827715357,0.4444444444444444,294
gpt_oss_120b,r2,persona,christian,none,0.3843537414965986,0.49735096309503307,0.2689994630580794,0.8401360544217688,0.8673469387755102,0.27715355805243447,0.35580524344569286,0.4444444444444444,294
gpt_oss_120b,r2,persona,muslim,none,0.4421768707482993,0.5555979241298531,0.2989061118093376,0.7619047619047619,0.7891156462585034,0.2546816479400749,0.3146067415730337,0.4444444444444444,294
gpt_oss_120b,r2,persona,jewish,none,0.43537414965986393,0.5530738309461211,0.29057434177474933,0.7312925170068028,0.7653061224489796,0.2209737827715356,0.352059925093633,0.4444444444444444,294
gpt_oss_120b,r2,persona,atheist,none,0.42517006802721086,0.542780761427378,0.28461338531513974,0.8027210884353742,0.8299319727891157,0.2808988764044944,0.30337078651685395,0.5,294
gpt_oss_120b,r2,persona,hindu,none,0.4387755102040816,0.5539323159417782,0.29649909737858066,0.7619047619047619,0.7891156462585034,0.250936329588015,0.32209737827715357,0.4444444444444444,294
gpt_oss_120b,r2,baseline,baseline,all,0.534,0.5387312983252144,0.49041044848878296,0.57,0.642,0.2823920265780731,0.3089700996677741,0.5333333333333333,500
gpt_oss_120b,r2,persona,15,all,0.516,0.5216092215168727,0.4717172109599401,0.578,0.65,0.2691029900332226,0.34219269102990035,0.56,500
gpt_oss_120b,r2,persona,35,all,0.526,0.5307307300509337,0.47481068262052983,0.6,0.664,0.3089700996677741,0.2823920265780731,0.6,500
gpt_oss_120b,r2,persona,65,all,0.514,0.5145742916622561,0.47374533949637154,0.614,0.674,0.3089700996677741,0.31893687707641194,0.5333333333333333,500
gpt_oss_120b,r2,persona,no_formal_education,all,0.532,0.5417330396254386,0.4925059506249358,0.554,0.634,0.26245847176079734,0.32558139534883723,0.5466666666666666,500
gpt_oss_120b,r2,persona,high_school_education,all,0.524,0.5298158073810246,0.4860035294817903,0.578,0.65,0.2823920265780731,0.32558139534883723,0.52,500
gpt_oss_120b,r2,persona,higher_education,all,0.516,0.5207587413154869,0.4749935574647099,0.598,0.65,0.2724252491694352,0.3488372093023256,0.5733333333333334,500
gpt_oss_120b,r2,persona,male,all,0.526,0.5322749597423511,0.48049651100375734,0.58,0.644,0.27906976744186046,0.31893687707641194,0.56,500
gpt_oss_120b,r2,persona,female,all,0.512,0.5156188865316708,0.4631550258690209,0.626,0.662,0.28903654485049834,0.33222591362126247,0.64,500
gpt_oss_120b,r2,persona,not_lonely,all,0.54,0.550775237467979,0.4949936294215731,0.562,0.622,0.2691029900332226,0.30564784053156147,0.56,500
gpt_oss_120b,r2,persona,somewhat_lonely,all,0.512,0.5182355331884366,0.46786387963343445,0.6,0.656,0.2757475083056478,0.34219269102990035,0.6,500
gpt_oss_120b,r2,persona,left-wing,all,0.506,0.5074619652787032,0.4593943964559886,0.638,0.682,0.3122923588039867,0.31893687707641194,0.6133333333333333,500
gpt_oss_120b,r2,persona,right-wing,all,0.55,0.564308209293618,0.5096312268376098,0.51,0.61,0.2591362126245847,0.292358803986711,0.48,500
gpt_oss_120b,r2,persona,centrist,all,0.52,0.5269408750321933,0.483514458305954,0.58,0.628,0.24584717607973422,0.3754152823920266,0.5466666666666666,500
gpt_oss_120b,r2,persona,white,all,0.538,0.5450709523538174,0.4898729136648676,0.572,0.628,0.2757475083056478,0.30564784053156147,0.56,500
gpt_oss_120b,r2,persona,black,all,0.558,0.5774874983013997,0.5189450559405716,0.476,0.548,0.16943521594684385,0.3787375415282392,0.5333333333333333,500
gpt_oss_120b,r2,persona,asian,all,0.512,0.5164261391377891,0.4686859726465534,0.602,0.67,0.29900332225913623,0.31893687707641194,0.56,500
gpt_oss_120b,r2,persona,christian,all,0.516,0.5227776280323451,0.4768643306379156,0.588,0.648,0.2691029900332226,0.3488372093023256,0.56,500
gpt_oss_120b,r2,persona,muslim,all,0.54,0.54821519111431,0.4818961762519418,0.566,0.614,0.2558139534883721,0.3122923588039867,0.6266666666666667,500
gpt_oss_120b,r2,persona,jewish,all,0.542,0.5547416491464915,0.5009174865322388,0.53,0.598,0.2292358803986711,0.34551495016611294,0.5333333333333333,500
gpt_oss_120b,r2,persona,atheist,all,0.53,0.540343239321755,0.4724817138175445,0.578,0.638,0.27906976744186046,0.292358803986711,0.64,500
gpt_oss_120b,r2,persona,hindu,all,0.554,0.5631350865201281,0.5053282176353012,0.548,0.596,0.24916943521594684,0.3122923588039867,0.56,500
gpt_oss_120b,r3,baseline,baseline,gender,0.4859154929577465,0.45652565077141644,0.48027760932551716,0.5704225352112676,0.6408450704225352,0.2857142857142857,0.4444444444444444,0.4583333333333333,142
gpt_oss_120b,r3,persona,15,gender,0.4788732394366197,0.45448120275244397,0.4725774693659077,0.6056338028169014,0.647887323943662,0.2857142857142857,0.42857142857142855,0.5416666666666666,142
gpt_oss_120b,r3,persona,35,gender,0.4647887323943662,0.4438381591775088,0.4557219609344709,0.6197183098591549,0.676056338028169,0.31746031746031744,0.36507936507936506,0.6041666666666666,142
gpt_oss_120b,r3,persona,65,gender,0.47183098591549294,0.448830225766348,0.46497536369303377,0.5985915492957746,0.6549295774647887,0.2857142857142857,0.4126984126984127,0.5625,142
gpt_oss_120b,r3,persona,no_formal_education,gender,0.4859154929577465,0.46751141497354626,0.4791436376342036,0.5633802816901409,0.6338028169014085,0.2698412698412698,0.38095238095238093,0.5625,142
gpt_oss_120b,r3,persona,high_school_education,gender,0.44366197183098594,0.4163976532795175,0.43873417257267605,0.5985915492957746,0.6549295774647887,0.2222222222222222,0.5238095238095238,0.5833333333333334,142
gpt_oss_120b,r3,persona,higher_education,gender,0.4647887323943662,0.44353924444258375,0.4555574983971557,0.647887323943662,0.704225352112676,0.38095238095238093,0.31746031746031744,0.5833333333333334,142
gpt_oss_120b,r3,persona,male,gender,0.43661971830985913,0.4125149693104334,0.4269947573877005,0.6267605633802817,0.7112676056338029,0.31746031746031744,0.3968253968253968,0.625,142
gpt_oss_120b,r3,persona,female,gender,0.4295774647887324,0.4005019509139701,0.41698237842668684,0.6619718309859155,0.7183098591549296,0.3333333333333333,0.3968253968253968,0.6458333333333334,142
gpt_oss_120b,r3,persona,not_lonely,gender,0.4507042253521127,0.4228126333760136,0.44131794131794133,0.6338028169014085,0.6901408450704225,0.31746031746031744,0.4126984126984127,0.5833333333333334,142
gpt_oss_120b,r3,persona,somewhat_lonely,gender,0.5,0.4786915542879561,0.4945257957108589,0.5985915492957746,0.6408450704225352,0.31746031746031744,0.38095238095238093,0.5,142
gpt_oss_120b,r3,persona,left-wing,gender,0.45774647887323944,0.43660136344271905,0.4455858052677817,0.6267605633802817,0.6971830985915493,0.3492063492063492,0.31746031746031744,0.625,142
gpt_oss_120b,r3,persona,right-wing,gender,0.45774647887323944,0.43026935919956305,0.44959597044676003,0.5915492957746479,0.676056338028169,0.30158730158730157,0.4126984126984127,0.5416666666666666,142
gpt_oss_120b,r3,persona,centrist,gender,0.47183098591549294,0.45598516214962,0.46177435458565114,0.6338028169014085,0.676056338028169,0.3333333333333333,0.31746031746031744,0.6458333333333334,142
gpt_oss_120b,r3,persona,white,gender,0.4859154929577465,0.4629009057875836,0.47897973586046977,0.6267605633802817,0.6690140845070423,0.3492063492063492,0.36507936507936506,0.5208333333333334,142
gpt_oss_120b,r3,persona,black,gender,0.5070422535211268,0.4860337978356434,0.5100943118184498,0.49295774647887325,0.5492957746478874,0.12698412698412698,0.5555555555555556,0.4791666666666667,142
gpt_oss_120b,r3,persona,asian,gender,0.4788732394366197,0.45876055851950454,0.4716470302519021,0.6056338028169014,0.6619718309859155,0.31746031746031744,0.36507936507936506,0.5625,142
gpt_oss_120b,r3,persona,christian,gender,0.47183098591549294,0.45206887373678356,0.4644913934390205,0.6126760563380281,0.6549295774647887,0.2857142857142857,0.3968253968253968,0.6041666666666666,142
gpt_oss_120b,r3,persona,muslim,gender,0.45774647887323944,0.4309365067625055,0.4510556210481192,0.5845070422535211,0.6549295774647887,0.25396825396825395,0.4603174603174603,0.5625,142
gpt_oss_120b,r3,persona,jewish,gender,0.4647887323943662,0.4452800720406354,0.45920745920745926,0.5704225352112676,0.6549295774647887,0.2698412698412698,0.4126984126984127,0.5625,142
gpt_oss_120b,r3,persona,atheist,gender,0.47183098591549294,0.4520902800168149,0.46327071058308383,0.6267605633802817,0.6830985915492958,0.3492063492063492,0.3333333333333333,0.5833333333333334,142
gpt_oss_120b,r3,persona,hindu,gender,0.47183098591549294,0.4451776780151956,0.4671492628058975,0.5633802816901409,0.6338028169014085,0.23809523809523808,0.47619047619047616,0.5208333333333334,142
gpt_oss_120b,r3,baseline,baseline,race_ethnicity,0.6374269005847953,0.5968933903100618,0.5126639915763112,0.40350877192982454,0.5321637426900585,0.5098039215686274,0.23529411764705882,0.5925925925925926,171
gpt_oss_120b,r3,persona,15,race_ethnicity,0.6549707602339181,0.6093599755942113,0.5136337456657475,0.43859649122807015,0.49707602339181284,0.49019607843137253,0.23529411764705882,0.6666666666666666,171
gpt_oss_120b,r3,persona,35,race_ethnicity,0.6198830409356725,0.5752271945460801,0.4675222816399287,0.43859649122807015,0.5321637426900585,0.49019607843137253,0.2549019607843137,0.7407407407407407,171
gpt_oss_120b,r3,persona,65,race_ethnicity,0.6257309941520468,0.570372779656565,0.46891895404449996,0.47368421052631576,0.543859649122807,0.5490196078431373,0.23529411764705882,0.7037037037037037,171
gpt_oss_120b,r3,persona,no_formal_education,race_ethnicity,0.6198830409356725,0.5779139463349989,0.4754528283940049,0.4093567251461988,0.5380116959064327,0.47058823529411764,0.27450980392156865,0.7037037037037037,171
gpt_oss_120b,r3,persona,high_school_education,race_ethnicity,0.6257309941520468,0.578969252271139,0.47379105520614956,0.4502923976608187,0.52046783625731,0.49019607843137253,0.27450980392156865,0.7037037037037037,171
gpt_oss_120b,r3,persona,higher_education,race_ethnicity,0.6140350877192983,0.5620495683653578,0.46236331569664896,0.45614035087719296,0.5497076023391813,0.5294117647058824,0.27450980392156865,0.6666666666666666,171
gpt_oss_120b,r3,persona,male,race_ethnicity,0.5964912280701754,0.5444870412410409,0.44519658836839454,0.4678362573099415,0.5847953216374269,0.5882352941176471,0.21568627450980393,0.7037037037037037,171
gpt_oss_120b,r3,persona,female,race_ethnicity,0.6198830409356725,0.5741349442789364,0.4708280922431866,0.4502923976608187,0.5321637426900585,0.5098039215686274,0.2549019607843137,0.7037037037037037,171
gpt_oss_120b,r3,persona,not_lonely,race_ethnicity,0.631578947368421,0.5845669729880256,0.48342981637099286,0.4269005847953216,0.5321637426900585,0.49019607843137253,0.2549019607843137,0.7037037037037037,171
gpt_oss_120b,r3,persona,somewhat_lonely,race_ethnicity,0.6257309941520468,0.5812619394870989,0.48193204127434325,0.4327485380116959,0.5263157894736842,0.49019607843137253,0.27450980392156865,0.6666666666666666,171
gpt_oss_120b,r3,persona,left-wing,race_ethnicity,0.6081871345029239,0.5542590084597276,0.45020868250681917,0.4853801169590643,0.5672514619883041,0.5882352941176471,0.19607843137254902,0.7407407407407407,171
gpt_oss_120b,r3,persona,right-wing,race_ethnicity,0.631578947368421,0.5905075270608597,0.48884785603329517,0.4152046783625731,0.52046783625731,0.49019607843137253,0.23529411764705882,0.6666666666666666,171
gpt_oss_120b,r3,persona,centrist,race_ethnicity,0.6257309941520468,0.5739652160704792,0.4741702741702742,0.47368421052631576,0.5555555555555556,0.5882352941176471,0.1568627450980392,0.7407407407407407,171
gpt_oss_120b,r3,persona,white,race_ethnicity,0.6549707602339181,0.615345883161755,0.5302795276566323,0.4269005847953216,0.49707602339181284,0.5098039215686274,0.21568627450980393,0.5925925925925926,171
gpt_oss_120b,r3,persona,black,race_ethnicity,0.6491228070175439,0.6237901976483436,0.5135435487944667,0.3567251461988304,0.4502923976608187,0.3137254901960784,0.35294117647058826,0.7037037037037037,171
gpt_oss_120b,r3,persona,asian,race_ethnicity,0.6140350877192983,0.5566247307462173,0.44463356627856016,0.47953216374269003,0.5730994152046783,0.6078431372549019,0.13725490196078433,0.7777777777777778,171
gpt_oss_120b,r3,persona,christian,race_ethnicity,0.6140350877192983,0.5565896508452056,0.4559326788218794,0.49122807017543857,0.5614035087719298,0.5882352941176471,0.21568627450980393,0.7037037037037037,171
gpt_oss_120b,r3,persona,muslim,race_ethnicity,0.6081871345029239,0.5543287566742945,0.4356280193236715,0.47953216374269003,0.5497076023391813,0.5294117647058824,0.23529411764705882,0.8148148148148148,171
gpt_oss_120b,r3,persona,jewish,race_ethnicity,0.6081871345029239,0.5661234985665465,0.46223299457130307,0.4093567251461988,0.5497076023391813,0.49019607843137253,0.27450980392156865,0.6666666666666666,171
gpt_oss_120b,r3,persona,atheist,race_ethnicity,0.6140350877192983,0.5581664759725401,0.4529891304347826,0.47953216374269003,0.5614035087719298,0.5686274509803921,0.21568627450980393,0.7407407407407407,171
gpt_oss_120b,r3,persona,hindu,race_ethnicity,0.6257309941520468,0.5850594537901039,0.46950043420631654,0.4152046783625731,0.49707602339181284,0.4117647058823529,0.3333333333333333,0.7037037037037037,171
gpt_oss_120b,r3,baseline,baseline,religion,0.6732673267326733,0.6599697469746975,0.48935185185185187,0.297029702970297,0.4752475247524752,0.34285714285714286,0.22857142857142856,0.7777777777777778,101
gpt_oss_120b,r3,persona,15,religion,0.6732673267326733,0.657148791802257,0.4805594405594406,0.3564356435643564,0.45544554455445546,0.34285714285714286,0.2857142857142857,0.7777777777777778,101
gpt_oss_120b,r3,persona,35,religion,0.6732673267326733,0.6526302937800657,0.4842950005665956,0.3465346534653465,0.48514851485148514,0.4,0.2,0.7777777777777778,101
gpt_oss_120b,r3,persona,65,religion,0.6831683168316832,0.6574897417920447,0.5157029033137214,0.40594059405940597,0.48514851485148514,0.45714285714285713,0.17142857142857143,0.7777777777777778,101
gpt_oss_120b,r3,persona,no_formal_education,religion,0.6831683168316832,0.6718819978087764,0.5245336059289547,0.32673267326732675,0.46534653465346537,0.37142857142857144,0.2,0.7777777777777778,101
gpt_oss_120b,r3,persona,high_school_education,religion,0.6534653465346535,0.6376707534676468,0.46537227569421397,0.38613861386138615,0.48514851485148514,0.4,0.2571428571428571,0.7777777777777778,101
gpt_oss_120b,r3,persona,higher_education,religion,0.6732673267326733,0.6597016844541598,0.4898989898989899,0.38613861386138615,0.46534653465346537,0.4,0.2,0.8888888888888888,101
gpt_oss_120b,r3,persona,male,religion,0.6732673267326733,0.6719580480512155,0.5193505223611755,0.31683168316831684,0.45544554455445546,0.34285714285714286,0.22857142857142856,0.7777777777777778,101
gpt_oss_120b,r3,persona,female,religion,0.6831683168316832,0.666419118692055,0.4988429183475622,0.36633663366336633,0.46534653465346537,0.42857142857142855,0.14285714285714285,0.7777777777777778,101
gpt_oss_120b,r3,persona,not_lonely,religion,0.6633663366336634,0.6497695718021936,0.5052176924228811,0.3069306930693069,0.504950495049505,0.37142857142857144,0.22857142857142856,0.7777777777777778,101
gpt_oss_120b,r3,persona,somewhat_lonely,religion,0.6534653465346535,0.6487505893446487,0.48778029730410677,0.32673267326732675,0.46534653465346537,0.3142857142857143,0.34285714285714286,0.6666666666666666,101
gpt_oss_120b,r3,persona,left-wing,religion,0.6732673267326733,0.6650021523891518,0.5151138716356107,0.36633663366336633,0.46534653465346537,0.4,0.2,0.7777777777777778,101
gpt_oss_120b,r3,persona,right-wing,religion,0.7128712871287128,0.7005350966690894,0.5258472742087439,0.32673267326732675,0.40594059405940597,0.34285714285714286,0.17142857142857143,0.7777777777777778,101
gpt_oss_120b,r3,persona,centrist,religion,0.7227722772277227,0.7190338831408449,0.5639295088113986,0.2871287128712871,0.38613861386138615,0.2857142857142857,0.2,0.7777777777777778,101
gpt_oss_120b,r3,persona,white,religion,0.6633663366336634,0.6452623450197659,0.48756278349374926,0.40594059405940597,0.46534653465346537,0.37142857142857144,0.3142857142857143,0.7777777777777778,101
gpt_oss_120b,r3,persona,black,religion,0.7128712871287128,0.7041377332347678,0.5312117503059975,0.3069306930693069,0.40594059405940597,0.3142857142857143,0.17142857142857143,0.8888888888888888,101
gpt_oss_120b,r3,persona,asian,religion,0.6831683168316832,0.65983041145402,0.4955716992342964,0.3465346534653465,0.48514851485148514,0.42857142857142855,0.14285714285714285,0.7777777777777778,101
gpt_oss_120b,r3,persona,christian,religion,0.6732673267326733,0.6598582983090875,0.5082466718294797,0.38613861386138615,0.46534653465346537,0.4,0.22857142857142856,0.7777777777777778,101
gpt_oss_120b,r3,persona,muslim,religion,0.6732673267326733,0.6607258261504876,0.4843502231072758,0.38613861386138615,0.44554455445544555,0.34285714285714286,0.2857142857142857,0.8888888888888888,101
gpt_oss_120b,r3,persona,jewish,religion,0.693069306930693,0.6848780866088109,0.5074921190406755,0.2871287128712871,0.42574257425742573,0.2857142857142857,0.2571428571428571,0.7777777777777778,101
gpt_oss_120b,r3,persona,atheist,religion,0.6732673267326733,0.6567319763601225,0.5071969106865508,0.37623762376237624,0.4752475247524752,0.4,0.22857142857142856,0.7777777777777778,101
gpt_oss_120b,r3,persona,hindu,religion,0.6831683168316832,0.6603824934732279,0.5158789386401327,0.4158415841584158,0.4752475247524752,0.45714285714285713,0.17142857142857143,0.7777777777777778,101
gpt_oss_120b,r3,baseline,baseline,other,0.5882352941176471,0.5869762641898865,0.5727095516569201,0.5411764705882353,0.5882352941176471,0.3125,0.22916666666666666,0.3888888888888889,85
gpt_oss_120b,r3,persona,15,other,0.5764705882352941,0.5759439629828463,0.5551451059925636,0.5294117647058824,0.5764705882352941,0.2708333333333333,0.2708333333333333,0.4444444444444444,85
gpt_oss_120b,r3,persona,35,other,0.5294117647058824,0.5280817320305122,0.5073217562493164,0.5647058823529412,0.6588235294117647,0.3125,0.2708333333333333,0.5,85
gpt_oss_120b,r3,persona,65,other,0.5529411764705883,0.5538440027963646,0.5271080928126769,0.5882352941176471,0.611764705882353,0.2916666666666667,0.2708333333333333,0.5555555555555556,85
gpt_oss_120b,r3,persona,no_formal_education,other,0.611764705882353,0.6161462825599447,0.588139459107201,0.5294117647058824,0.5764705882352941,0.3333333333333333,0.14583333333333334,0.4444444444444444,85
gpt_oss_120b,r3,persona,high_school_education,other,0.5058823529411764,0.5031908343928865,0.4870130379220861,0.6,0.6705882352941176,0.3125,0.3125,0.5,85
gpt_oss_120b,r3,persona,higher_education,other,0.5176470588235295,0.5123012367002137,0.48977978543195944,0.6470588235294118,0.6941176470588235,0.375,0.22916666666666666,0.5555555555555556,85
gpt_oss_120b,r3,persona,male,other,0.5294117647058824,0.5243353472681717,0.5197307763230684,0.5647058823529412,0.6352941176470588,0.2708333333333333,0.3541666666666667,0.4444444444444444,85
gpt_oss_120b,r3,persona,female,other,0.5294117647058824,0.5208466126388637,0.5147381320949432,0.6352941176470588,0.6823529411764706,0.375,0.25,0.4444444444444444,85
gpt_oss_120b,r3,persona,not_lonely,other,0.5529411764705883,0.5600943215856222,0.5262308896111713,0.5529411764705883,0.6,0.2708333333333333,0.2708333333333333,0.5555555555555556,85
gpt_oss_120b,r3,persona,somewhat_lonely,other,0.5764705882352941,0.5733135803856038,0.5618723641282725,0.5411764705882353,0.5882352941176471,0.2916666666666667,0.2708333333333333,0.3888888888888889,85
gpt_oss_120b,r3,persona,left-wing,other,0.5294117647058824,0.5222408963585433,0.5087301587301587,0.5647058823529412,0.6352941176470588,0.2916666666666667,0.3125,0.4444444444444444,85
gpt_oss_120b,r3,persona,right-wing,other,0.6470588235294118,0.6517277952572069,0.6291312291312291,0.4117647058823529,0.5058823529411764,0.2708333333333333,0.16666666666666666,0.2777777777777778,85
gpt_oss_120b,r3,persona,centrist,other,0.5294117647058824,0.5285360055950137,0.5145024387031291,0.5529411764705883,0.6235294117647059,0.2708333333333333,0.3333333333333333,0.4444444444444444,85
gpt_oss_120b,r3,persona,white,other,0.5882352941176471,0.5868036914896336,0.5722391230865808,0.5294117647058824,0.5764705882352941,0.2916666666666667,0.25,0.3888888888888889,85
gpt_oss_120b,r3,persona,black,other,0.611764705882353,0.6159057244279627,0.5969996604142945,0.4588235294117647,0.5294117647058824,0.25,0.25,0.3333333333333333,85
gpt_oss_120b,r3,persona,asian,other,0.5647058823529412,0.5644528779253638,0.5376344086021505,0.5647058823529412,0.611764705882353,0.3125,0.22916666666666666,0.5,85
gpt_oss_120b,r3,persona,christian,other,0.5647058823529412,0.5646852425180598,0.5376218323586744,0.5411764705882353,0.5882352941176471,0.2708333333333333,0.2708333333333333,0.5,85
gpt_oss_120b,r3,persona,muslim,other,0.5764705882352941,0.5740961590115499,0.5564687975646879,0.49411764705882355,0.5647058823529412,0.25,0.2916666666666667,0.3888888888888889,85
gpt_oss_120b,r3,persona,jewish,other,0.5647058823529412,0.5681864462892515,0.5471664719832926,0.4588235294117647,0.5529411764705883,0.20833333333333334,0.3333333333333333,0.3888888888888889,85
gpt_oss_120b,r3,persona,atheist,other,0.5882352941176471,0.5892075401910146,0.5658440834726485,0.5411764705882353,0.5882352941176471,0.3125,0.20833333333333334,0.4444444444444444,85
gpt_oss_120b,r3,persona,hindu,other,0.5294117647058824,0.5325681492109039,0.5025317358436742,0.5058823529411764,0.6,0.22916666666666666,0.3333333333333333,0.5,85
gpt_oss_120b,r3,baseline,baseline,none,0.40816326530612246,0.5144871889925547,0.294592757529591,0.8061224489795918,0.826530612244898,0.25842696629213485,0.3595505617977528,0.3333333333333333,294
gpt_oss_120b,r3,persona,15,none,0.41836734693877553,0.5291096251428115,0.29133044813625575,0.7959183673469388,0.8231292517006803,0.26591760299625467,0.3333333333333333,0.3888888888888889,294
gpt_oss_120b,r3,persona,35,none,0.41496598639455784,0.5280540304911577,0.28558332169947415,0.7959183673469388,0.8231292517006803,0.26217228464419473,0.33707865168539325,0.4444444444444444,294
gpt_oss_120b,r3,persona,65,none,0.391156462585034,0.505665730713921,0.27267135662937764,0.8571428571428571,0.8707482993197279,0.2883895131086142,0.33707865168539325,0.5555555555555556,294
gpt_oss_120b,r3,persona,no_formal_education,none,0.43197278911564624,0.5430455462911394,0.29816095055525327,0.7789115646258503,0.8061224489795918,0.26217228464419473,0.32209737827715357,0.3888888888888889,294
gpt_oss_120b,r3,persona,high_school_education,none,0.3877551020408163,0.5006494056664329,0.27227102336016634,0.8333333333333334,0.8537414965986394,0.26591760299625467,0.36329588014981273,0.5,294
gpt_oss_120b,r3,persona,higher_education,none,0.4013605442176871,0.5117731730634957,0.2812157973448296,0.826530612244898,0.8605442176870748,0.2883895131086142,0.3295880149812734,0.3333333333333333,294
gpt_oss_120b,r3,persona,male,none,0.3979591836734694,0.5118625217343471,0.27667971405133013,0.8061224489795918,0.8333333333333334,0.2546816479400749,0.36329588014981273,0.4444444444444444,294
gpt_oss_120b,r3,persona,female,none,0.4013605442176871,0.5186992398800608,0.2722935766159177,0.8333333333333334,0.8673469387755102,0.2958801498127341,0.3146067415730337,0.4444444444444444,294
gpt_oss_120b,r3,persona,not_lonely,none,0.41496598639455784,0.5282786033073517,0.2890652656596929,0.8231292517006803,0.8367346938775511,0.27715355805243447,0.3258426966292135,0.5,294
gpt_oss_120b,r3,persona,somewhat_lonely,none,0.40816326530612246,0.5197249090592978,0.28694376746884537,0.8027210884353742,0.8231292517006803,0.2546816479400749,0.35580524344569286,0.4444444444444444,294
gpt_oss_120b,r3,persona,left-wing,none,0.391156462585034,0.5112863445576693,0.2582632142953859,0.8605442176870748,0.8945578231292517,0.3146067415730337,0.299625468164794,0.5555555555555556,294
gpt_oss_120b,r3,persona,right-wing,none,0.41156462585034015,0.5291547812904172,0.2727874517149751,0.8095238095238095,0.8571428571428571,0.2958801498127341,0.299625468164794,0.3888888888888889,294
gpt_oss_120b,r3,persona,centrist,none,0.41496598639455784,0.529789199245362,0.2843044346621016,0.8027210884353742,0.8299319727891157,0.2696629213483146,0.3295880149812734,0.4444444444444444,294
gpt_oss_120b,r3,persona,white,none,0.4421768707482993,0.5539396478072874,0.30210139865754565,0.7789115646258503,0.8129251700680272,0.2808988764044944,0.29213483146067415,0.3333333333333333,294
gpt_oss_120b,r3,persona,black,none,0.4557823129251701,0.563610657310746,0.3258007692790301,0.6666666666666666,0.6938775510204082,0.1647940074906367,0.40074906367041196,0.2777777777777778,294
gpt_oss_120b,r3,persona,asian,none,0.41496598639455784,0.5347827195366865,0.27493047984231483,0.8197278911564626,0.8469387755102041,0.2883895131086142,0.30337078651685395,0.5555555555555556,294
gpt_oss_120b,r3,persona,christian,none,0.40476190476190477,0.5162071579281672,0.28420732244054897,0.8231292517006803,0.8435374149659864,0.27340823970037453,0.3408239700374532,0.4444444444444444,294
gpt_oss_120b,r3,persona,muslim,none,0.4217687074829932,0.5353522678526809,0.2886115311006361,0.7687074829931972,0.8027210884353742,0.24719101123595505,0.3445692883895131,0.3888888888888889,294
gpt_oss_120b,r3,persona,jewish,none,0.42857142857142855,0.5446865946234063,0.2875442150943144,0.7619047619047619,0.7959183673469388,0.24719101123595505,0.3333333333333333,0.4444444444444444,294
gpt_oss_120b,r3,persona,atheist,none,0.40816326530612246,0.5252052590266877,0.27694159544159547,0.8061224489795918,0.8333333333333334,0.26591760299625467,0.33707865168539325,0.5,294
gpt_oss_120b,r3,persona,hindu,none,0.3945578231292517,0.5121987926537909,0.2679447919769636,0.7925170068027211,0.826530612244898,0.24344569288389514,0.3707865168539326,0.5,294
gpt_oss_120b,r3,baseline,baseline,all,0.524,0.5293029551432005,0.48896976553890165,0.558,0.642,0.26245847176079734,0.3488372093023256,0.49333333333333335,500
gpt_oss_120b,r3,persona,15,all,0.532,0.5363655714768895,0.49148290789466476,0.58,0.632,0.2691029900332226,0.33554817275747506,0.5333333333333333,500
gpt_oss_120b,r3,persona,35,all,0.52,0.5275779964886006,0.4721645449339567,0.576,0.648,0.2724252491694352,0.32558139534883723,0.5866666666666667,500
gpt_oss_120b,r3,persona,65,all,0.516,0.5191269518874508,0.4734467712810189,0.618,0.666,0.29900332225913623,0.3222591362126246,0.5866666666666667,500
gpt_oss_120b,r3,persona,no_formal_education,all,0.538,0.5458742158997046,0.49172384635962335,0.548,0.632,0.2691029900332226,0.30564784053156147,0.5466666666666666,500
gpt_oss_120b,r3,persona,high_school_education,all,0.51,0.5166029988749364,0.46876132253151864,0.6,0.652,0.2691029900332226,0.3554817275747508,0.5866666666666667,500
gpt_oss_120b,r3,persona,higher_education,all,0.514,0.5194933296146516,0.47041898646929664,0.6,0.664,0.292358803986711,0.3222591362126246,0.5733333333333334,500
gpt_oss_120b,r3,persona,male,all,0.51,0.5194458648700224,0.4707100277656567,0.582,0.65,0.26245847176079734,0.3554817275747508,0.5733333333333334,500
gpt_oss_120b,r3,persona,female,all,0.512,0.5183498152032764,0.4646194741340082,0.608,0.668,0.29900332225913623,0.3122923588039867,0.6,500
gpt_oss_120b,r3,persona,not_lonely,all,0.528,0.534380336912754,0.48339399553278906,0.58,0.648,0.27906976744186046,0.31561461794019935,0.5866666666666667,500
gpt_oss_120b,r3,persona,somewhat_lonely,all,0.526,0.5330543927750239,0.4904818593608691,0.572,0.632,0.2591362126245847,0.3521594684385382,0.52,500
gpt_oss_120b,r3,persona,left-wing,all,0.514,0.5200562631694329,0.4633810942199041,0.614,0.674,0.3122923588039867,0.292358803986711,0.6133333333333333,500
gpt_oss_120b,r3,persona,right-wing,all,0.534,0.5404157637706141,0.4879824062653615,0.562,0.646,0.2956810631229236,0.2857142857142857,0.5066666666666667,500
gpt_oss_120b,r3,persona,centrist,all,0.534,0.5427994405202031,0.4866258611731886,0.578,0.63,0.2691029900332226,0.31561461794019935,0.6,500
gpt_oss_120b,r3,persona,white,all,0.544,0.5499296590861272,0.503825336996359,0.576,0.624,0.27906976744186046,0.3089700996677741,0.52,500
gpt_oss_120b,r3,persona,black,all,0.56,0.576493688905042,0.5258393069423667,0.488,0.548,0.1760797342192691,0.3853820598006645,0.49333333333333335,500
gpt_oss_120b,r3,persona,asian,all,0.526,0.53148833174196,0.47563325876888535,0.586,0.654,0.292358803986711,0.29900332225913623,0.5866666666666667,500
gpt_oss_120b,r3,persona,christian,all,0.524,0.5315264704759723,0.48071809356591216,0.594,0.642,0.2757475083056478,0.3289036544850498,0.5866666666666667,500
gpt_oss_120b,r3,persona,muslim,all,0.532,0.5408067356231412,0.4866375722394067,0.568,0.62,0.25249169435215946,0.3388704318936877,0.5733333333333334,500
gpt_oss_120b,r3,persona,jewish,all,0.53,0.54176898505935,0.48545306502807134,0.536,0.62,0.2425249169435216,0.3388704318936877,0.5466666666666666,500
gpt_oss_120b,r3,persona,atheist,all,0.528,0.5359278281874603,0.48226694117220187,0.58,0.636,0.2691029900332226,0.32558139534883723,0.5866666666666667,500
gpt_oss_120b,r3,persona,hindu,all,0.518,0.5265771398258701,0.4765633495669818,0.572,0.632,0.24916943521594684,0.36212624584717606,0.56,500
mistral_medium,r1,baseline,baseline,gender,0.4859154929577465,0.44610520264443804,0.4750566893424036,0.5915492957746479,0.647887323943662,0.30158730158730157,0.49206349206349204,0.3958333333333333,142
mistral_medium,r1,persona,15,gender,0.5,0.43985844663810764,0.48381035160696184,0.5633802816901409,0.6056338028169014,0.23809523809523808,0.6031746031746031,0.3125,142
mistral_medium,r1,persona,35,gender,0.4647887323943662,0.4045518625164493,0.44928769657724327,0.5845070422535211,0.6408450704225352,0.23809523809523808,0.6190476190476191,0.375,142
mistral_medium,r1,persona,65,gender,0.4225352112676056,0.3387489584692761,0.39399925330075014,0.6056338028169014,0.6901408450704225,0.25396825396825395,0.6825396825396826,0.3541666666666667,142
mistral_medium,r1,persona,no_formal_education,gender,0.5352112676056338,0.5012122972673698,0.5365870260703832,0.4507042253521127,0.5352112676056338,0.15873015873015872,0.5873015873015873,0.2708333333333333,142
mistral_medium,r1,persona,high_school_education,gender,0.5,0.45421233981866066,0.4941400063351282,0.5,0.5704225352112676,0.15873015873015872,0.6507936507936508,0.3125,142
mistral_medium,r1,persona,higher_education,gender,0.4647887323943662,0.41013638015078024,0.4527383744103759,0.5704225352112676,0.6408450704225352,0.23809523809523808,0.6031746031746031,0.375,142
mistral_medium,r1,persona,male,gender,0.4788732394366197,0.43182422367110274,0.47609826422638646,0.4859154929577465,0.5845070422535211,0.14285714285714285,0.6825396825396826,0.3125,142
mistral_medium,r1,persona,female,gender,0.4295774647887324,0.3604380969694988,0.4072141025988545,0.6549295774647887,0.6971830985915493,0.2857142857142857,0.6031746031746031,0.4583333333333333,142
mistral_medium,r1,persona,not_lonely,gender,0.528169014084507,0.49811824845441477,0.5315323191700181,0.43661971830985913,0.5492957746478874,0.1746031746031746,0.5555555555555556,0.2708333333333333,142
mistral_medium,r1,persona,somewhat_lonely,gender,0.4788732394366197,0.427752124774416,0.4773937348740498,0.47183098591549294,0.5704225352112676,0.1111111111111111,0.7301587301587301,0.2916666666666667,142
mistral_medium,r1,persona,left-wing,gender,0.3873239436619718,0.322931674618109,0.3607512370670265,0.7676056338028169,0.795774647887324,0.4126984126984127,0.47619047619047616,0.6041666666666666,142
mistral_medium,r1,persona,right-wing,gender,0.5211267605633803,0.4959526522966359,0.5245417021315542,0.3873239436619718,0.5563380281690141,0.15873015873015872,0.5714285714285714,0.22916666666666666,142
mistral_medium,r1,persona,centrist,gender,0.5140845070422535,0.47776625020161356,0.5201812407490947,0.3732394366197183,0.5140845070422535,0.06349206349206349,0.7301587301587301,0.1875,142
mistral_medium,r1,persona,white,gender,0.5352112676056338,0.4989887603831783,0.5371630647933902,0.43661971830985913,0.5211267605633803,0.12698412698412698,0.6349206349206349,0.25,142
mistral_medium,r1,persona,black,gender,0.4788732394366197,0.4313089193911917,0.466142695087425,0.6056338028169014,0.6619718309859155,0.31746031746031744,0.49206349206349204,0.3958333333333333,142
mistral_medium,r1,persona,asian,gender,0.47183098591549294,0.4214237964612553,0.4615449562258073,0.5633802816901409,0.6338028169014085,0.23809523809523808,0.5873015873015873,0.375,142
mistral_medium,r1,persona,christian,gender,0.43661971830985913,0.3615520171493857,0.4119488825356452,0.6338028169014085,0.676056338028169,0.25396825396825395,0.6507936507936508,0.4166666666666667,142
mistral_medium,r1,persona,muslim,gender,0.4647887323943662,0.3905087195884834,0.43701482824338767,0.6619718309859155,0.676056338028169,0.31746031746031744,0.5714285714285714,0.3958333333333333,142
mistral_medium,r1,persona,jewish,gender,0.47183098591549294,0.4189073836961161,0.4518518518518519,0.6971830985915493,0.7253521126760564,0.4444444444444444,0.3968253968253968,0.4166666666666667,142
mistral_medium,r1,persona,atheist,gender,0.5633802816901409,0.5354092844593992,0.5624383368569416,0.4647887323943662,0.5352112676056338,0.2222222222222222,0.47619047619047616,0.2708333333333333,142
mistral_medium,r1,persona,hindu,gender,0.4647887323943662,0.39158258617615543,0.4409586429717227,0.6126760563380281,0.6408450704225352,0.23809523809523808,0.6507936507936508,0.375,142
mistral_medium,r1,baseline,baseline,race_ethnicity,0.5906432748538012,0.526042241517741,0.4282253783154284,0.5029239766081871,0.5964912280701754,0.6274509803921569,0.23529411764705882,0.6666666666666666,171
mistral_medium,r1,persona,15,race_ethnicity,0.6023391812865497,0.559686115139358,0.45506902051366666,0.391812865497076,0.49707602339181284,0.3333333333333333,0.5294117647058824,0.5555555555555556,171
mistral_medium,r1,persona,35,race_ethnicity,0.5906432748538012,0.5460883014302184,0.4433179112749705,0.4093567251461988,0.5263157894736842,0.39215686274509803,0.47058823529411764,0.5925925925925926,171
mistral_medium,r1,persona,65,race_ethnicity,0.5411764705882353,0.4910471228118287,0.39048906005427747,0.4117647058823529,0.5882352941176471,0.43137254901960786,0.49019607843137253,0.5925925925925926,170
mistral_medium,r1,persona,no_formal_education,race_ethnicity,0.5847953216374269,0.5723304745689822,0.4692291206215256,0.30994152046783624,0.49707602339181284,0.27450980392156865,0.5098039215686274,0.5555555555555556,171
mistral_medium,r1,persona,high_school_education,race_ethnicity,0.5672514619883041,0.5431892739980032,0.4257452574525746,0.32748538011695905,0.5029239766081871,0.23529411764705882,0.6274509803921569,0.5555555555555556,171
mistral_medium,r1,persona,higher_education,race_ethnicity,0.6023391812865497,0.5488345195307813,0.44137459615868685,0.4269005847953216,0.5087719298245614,0.37254901960784315,0.5098039215686274,0.5925925925925926,171
mistral_medium,r1,persona,male,race_ethnicity,0.5789473684210527,0.5520956978765934,0.4470771708440784,0.3333333333333333,0.49707602339181284,0.2549019607843137,0.6078431372549019,0.5185185185185185,171
mistral_medium,r1,persona,female,race_ethnicity,0.5789473684210527,0.517742215537533,0.4010836555897839,0.45614035087719296,0.5497076023391813,0.43137254901960786,0.47058823529411764,0.6666666666666666,171
mistral_medium,r1,persona,not_lonely,race_ethnicity,0.5730994152046783,0.5574449200272216,0.4488313504835928,0.30409356725146197,0.5029239766081871,0.2549019607843137,0.5686274509803921,0.5185185185185185,171
mistral_medium,r1,persona,somewhat_lonely,race_ethnicity,0.5497076023391813,0.5338585396871585,0.4267156444100649,0.2982456140350877,0.52046783625731,0.23529411764705882,0.6274509803921569,0.5185185185185185,171
mistral_medium,r1,persona,left-wing,race_ethnicity,0.5964912280701754,0.5186429068482754,0.40454631289257076,0.5555555555555556,0.5906432748538012,0.6274509803921569,0.23529411764705882,0.8148148148148148,171
mistral_medium,r1,persona,right-wing,race_ethnicity,0.543859649122807,0.5389046985931728,0.4455108262817322,0.2807017543859649,0.5614035087719298,0.3333333333333333,0.45098039215686275,0.5555555555555556,171
mistral_medium,r1,persona,centrist,race_ethnicity,0.5146198830409356,0.5223547638472962,0.42593814495111554,0.19298245614035087,0.52046783625731,0.11764705882352941,0.7450980392156863,0.4074074074074074,171
mistral_medium,r1,persona,white,race_ethnicity,0.5789473684210527,0.5569818856083298,0.44498644986449865,0.32748538011695905,0.49122807017543857,0.23529411764705882,0.6078431372549019,0.5555555555555556,171
mistral_medium,r1,persona,black,race_ethnicity,0.5964912280701754,0.5208247892458419,0.4162097162097162,0.49707602339181284,0.5555555555555556,0.5098039215686274,0.4117647058823529,0.6296296296296297,171
mistral_medium,r1,persona,asian,race_ethnicity,0.6081871345029239,0.5525594892985217,0.4447047852188611,0.4327485380116959,0.5029239766081871,0.37254901960784315,0.5098039215686274,0.5925925925925926,171
mistral_medium,r1,persona,christian,race_ethnicity,0.5555555555555556,0.49837914023960544,0.3799232636441938,0.4444444444444444,0.5614035087719298,0.39215686274509803,0.5294117647058824,0.7037037037037037,171
mistral_medium,r1,persona,muslim,race_ethnicity,0.5789473684210527,0.5047773920838937,0.39568231332937215,0.47953216374269003,0.5614035087719298,0.47058823529411764,0.47058823529411764,0.6296296296296297,171
mistral_medium,r1,persona,jewish,race_ethnicity,0.5964912280701754,0.5164052430046694,0.414802239626112,0.543859649122807,0.5906432748538012,0.6274509803921569,0.27450980392156865,0.7037037037037037,171
mistral_medium,r1,persona,atheist,race_ethnicity,0.6081871345029239,0.5811801366932199,0.4745419868582248,0.3333333333333333,0.4853801169590643,0.29411764705882354,0.5098039215686274,0.5185185185185185,171
mistral_medium,r1,persona,hindu,race_ethnicity,0.5847953216374269,0.5209319951845279,0.4078136608653041,0.4502923976608187,0.5321637426900585,0.39215686274509803,0.5294117647058824,0.6296296296296297,171
mistral_medium,r1,baseline,baseline,religion,0.6435643564356436,0.6182209824035839,0.48015781221888093,0.42574257425742573,0.504950495049505,0.42857142857142855,0.3142857142857143,0.6666666666666666,101
mistral_medium,r1,persona,15,religion,0.6336633663366337,0.6052428948821363,0.4546970075852297,0.42574257425742573,0.48514851485148514,0.34285714285714286,0.45714285714285713,0.6666666666666666,101
mistral_medium,r1,persona,35,religion,0.6336633663366337,0.5993668673447038,0.44429870170794733,0.43564356435643564,0.4752475247524752,0.3142857142857143,0.5142857142857142,0.6666666666666666,101
mistral_medium,r1,persona,65,religion,0.594059405940594,0.5664153063955044,0.42740540540540534,0.40594059405940597,0.5247524752475248,0.34285714285714286,0.5142857142857142,0.5555555555555556,101
mistral_medium,r1,persona,no_formal_education,religion,0.6435643564356436,0.6546029996390669,0.5106543404143719,0.3069306930693069,0.46534653465346537,0.3142857142857143,0.3142857142857143,0.6666666666666666,101
mistral_medium,r1,persona,high_school_education,religion,0.6039603960396039,0.6066898327463409,0.4590891493330518,0.3465346534653465,0.504950495049505,0.3142857142857143,0.42857142857142855,0.6666666666666666,101
mistral_medium,r1,persona,higher_education,religion,0.6336633663366337,0.6083952145214522,0.4548611111111111,0.4158415841584158,0.4752475247524752,0.3142857142857143,0.4857142857142857,0.6666666666666666,101
mistral_medium,r1,persona,male,religion,0.6336633663366337,0.6269596599128604,0.48898855729975277,0.3564356435643564,0.4752475247524752,0.3142857142857143,0.42857142857142855,0.5555555555555556,101
mistral_medium,r1,persona,female,religion,0.6237623762376238,0.5875216245221931,0.4390001815650911,0.44554455445544555,0.504950495049505,0.37142857142857144,0.45714285714285713,0.6666666666666666,101
mistral_medium,r1,persona,not_lonely,religion,0.6534653465346535,0.6580574637640204,0.5245488093178804,0.31683168316831684,0.45544554455445546,0.3142857142857143,0.34285714285714286,0.5555555555555556,101
mistral_medium,r1,persona,somewhat_lonely,religion,0.594059405940594,0.5876068193532036,0.44904611254913235,0.3564356435643564,0.5148514851485149,0.3142857142857143,0.4857142857142857,0.5555555555555556,101
mistral_medium,r1,persona,left-wing,religion,0.6336633663366337,0.5776479463862355,0.4256226138903725,0.5148514851485149,0.5346534653465347,0.4857142857142857,0.34285714285714286,0.7777777777777778,101
mistral_medium,r1,persona,right-wing,religion,0.5841584158415841,0.6205099638820506,0.4603750756200847,0.2376237623762376,0.49504950495049505,0.22857142857142856,0.42857142857142855,0.6666666666666666,101
mistral_medium,r1,persona,centrist,religion,0.5742574257425742,0.6127472871033637,0.46592703221676984,0.21782178217821782,0.45544554455445546,0.08571428571428572,0.6857142857142857,0.4444444444444444,101
mistral_medium,r1,persona,white,religion,0.6336633663366337,0.6402276591295493,0.4977043158861341,0.31683168316831684,0.45544554455445546,0.2571428571428571,0.45714285714285713,0.5555555555555556,101
mistral_medium,r1,persona,black,religion,0.6534653465346535,0.6209923317913187,0.4562420066296035,0.44554455445544555,0.46534653465346537,0.34285714285714286,0.42857142857142855,0.7777777777777778,101
mistral_medium,r1,persona,asian,religion,0.6435643564356436,0.6108657019548108,0.4598290598290598,0.43564356435643564,0.4752475247524752,0.34285714285714286,0.45714285714285713,0.6666666666666666,101
mistral_medium,r1,persona,christian,religion,0.594059405940594,0.5611694890419275,0.3976391825229035,0.44554455445544555,0.5247524752475248,0.34285714285714286,0.5142857142857142,0.7777777777777778,101
mistral_medium,r1,persona,muslim,religion,0.6237623762376238,0.5665516777922136,0.38838612368024134,0.5148514851485149,0.5148514851485149,0.4,0.45714285714285713,0.8888888888888888,101
mistral_medium,r1,persona,jewish,religion,0.6435643564356436,0.5831294688323551,0.4308943089430894,0.5247524752475248,0.5247524752475248,0.4857142857142857,0.34285714285714286,0.7777777777777778,101
mistral_medium,r1,persona,atheist,religion,0.6633663366336634,0.6552954497577418,0.5151201733648542,0.36633663366336633,0.46534653465346537,0.37142857142857144,0.2857142857142857,0.6666666666666666,101
mistral_medium,r1,persona,hindu,religion,0.6138613861386139,0.5656855094376432,0.4049995678852303,0.48514851485148514,0.5247524752475248,0.4,0.45714285714285713,0.7777777777777778,101
mistral_medium,r1,baseline,baseline,other,0.4588235294117647,0.440973630831643,0.45821360153256707,0.611764705882353,0.7529411764705882,0.375,0.3541666666666667,0.2777777777777778,85
mistral_medium,r1,persona,15,other,0.4470588235294118,0.41216931216931213,0.4519400352733686,0.611764705882353,0.7058823529411765,0.2708333333333333,0.5208333333333334,0.2777777777777778,85
mistral_medium,r1,persona,35,other,0.5058823529411764,0.4867924528301886,0.5106132075471698,0.5529411764705883,0.6235294117647059,0.22916666666666666,0.4791666666666667,0.2777777777777778,85
mistral_medium,r1,persona,65,other,0.42857142857142855,0.3892128279883382,0.43990929705215415,0.5833333333333334,0.6785714285714286,0.19148936170212766,0.6382978723404256,0.2777777777777778,84
mistral_medium,r1,persona,no_formal_education,other,0.5294117647058824,0.5374449445329972,0.5286821529057554,0.4470588235294118,0.5882352941176471,0.20833333333333334,0.3958333333333333,0.2777777777777778,85
mistral_medium,r1,persona,high_school_education,other,0.49411764705882355,0.4950953160585134,0.5100239971279028,0.4588235294117647,0.5764705882352941,0.125,0.5625,0.2777777777777778,85
mistral_medium,r1,persona,higher_education,other,0.5058823529411764,0.48808446455505283,0.5124050332383666,0.5411764705882353,0.611764705882353,0.20833333333333334,0.5,0.2777777777777778,85
mistral_medium,r1,persona,male,other,0.5176470588235295,0.5232135468701119,0.5293074855607022,0.4235294117647059,0.5647058823529412,0.14583333333333334,0.5,0.2222222222222222,85
mistral_medium,r1,persona,female,other,0.47058823529411764,0.4287270463741052,0.4766313932980599,0.611764705882353,0.6588235294117647,0.22916666666666666,0.5625,0.2777777777777778,85
mistral_medium,r1,persona,not_lonely,other,0.5294117647058824,0.535577995904244,0.5293584100306788,0.43529411764705883,0.5764705882352941,0.1875,0.4166666666666667,0.2777777777777778,85
mistral_medium,r1,persona,somewhat_lonely,other,0.4588235294117647,0.4533786280469635,0.47255431723516833,0.49411764705882355,0.6352941176470588,0.16666666666666666,0.5625,0.2777777777777778,85
mistral_medium,r1,persona,left-wing,other,0.43529411764705883,0.3962364237076006,0.4243861942541171,0.7411764705882353,0.7647058823529411,0.3541666666666667,0.4375,0.5,85
mistral_medium,r1,persona,right-wing,other,0.4470588235294118,0.47058823529411764,0.4523809523809524,0.32941176470588235,0.6352941176470588,0.125,0.5,0.2777777777777778,85
mistral_medium,r1,persona,centrist,other,0.5294117647058824,0.5376566769405644,0.5594326768239812,0.3411764705882353,0.5058823529411764,0.0625,0.6041666666666666,0.05555555555555555,85
mistral_medium,r1,persona,white,other,0.5647058823529412,0.5788642012502824,0.5699103713188219,0.36470588235294116,0.5058823529411764,0.125,0.4375,0.2222222222222222,85
mistral_medium,r1,persona,black,other,0.5294117647058824,0.5104926150431145,0.5338655055636188,0.5411764705882353,0.5882352941176471,0.20833333333333334,0.4791666666666667,0.2777777777777778,85
mistral_medium,r1,persona,asian,other,0.47058823529411764,0.441774427324882,0.481949478491227,0.5647058823529412,0.6352941176470588,0.1875,0.5833333333333334,0.2777777777777778,85
mistral_medium,r1,persona,christian,other,0.4588235294117647,0.4209291605702373,0.46212854941668496,0.6352941176470588,0.6823529411764706,0.25,0.5416666666666666,0.3333333333333333,85
mistral_medium,r1,persona,muslim,other,0.4235294117647059,0.3755288322225442,0.4252873563218391,0.6588235294117647,0.7058823529411765,0.22916666666666666,0.6041666666666666,0.3888888888888889,85
mistral_medium,r1,persona,jewish,other,0.47058823529411764,0.4331597035449035,0.4693283380810398,0.6470588235294118,0.6941176470588235,0.2916666666666667,0.4791666666666667,0.3333333333333333,85
mistral_medium,r1,persona,atheist,other,0.5882352941176471,0.5932415519399249,0.5819542947202522,0.43529411764705883,0.5294117647058824,0.20833333333333334,0.3333333333333333,0.2777777777777778,85
mistral_medium,r1,persona,hindu,other,0.5058823529411764,0.4823195779552516,0.5134113198629328,0.5647058823529412,0.611764705882353,0.20833333333333334,0.5208333333333334,0.2777777777777778,85
mistral_medium,r1,baseline,baseline,none,0.29591836734693877,0.39602484019481254,0.2177854861764421,0.9489795918367347,0.9965986394557823,0.32209737827715357,0.4044943820224719,0.3333333333333333,294
mistral_medium,r1,persona,15,none,0.2755102040816326,0.3578566400671146,0.2298621274524889,0.8775510204081632,0.9047619047619048,0.19850187265917604,0.5655430711610487,0.2777777777777778,294
mistral_medium,r1,persona,35,none,0.2832764505119454,0.3739483125987102,0.22342020535662152,0.8703071672354948,0.9112627986348123,0.21428571428571427,0.5338345864661654,0.2777777777777778,293
mistral_medium,r1,persona,65,none,0.2191780821917808,0.2837468059381505,0.19359720958447071,0.9178082191780822,0.952054794520548,0.18867924528301888,0.6339622641509434,0.2777777777777778,292
mistral_medium,r1,persona,no_formal_education,none,0.36394557823129253,0.4713098874330033,0.27463853456521864,0.7312925170068028,0.7721088435374149,0.149812734082397,0.5093632958801498,0.2777777777777778,294
mistral_medium,r1,persona,high_school_education,none,0.30612244897959184,0.40406342049741195,0.25378656478799144,0.7653061224489796,0.8061224489795918,0.12359550561797752,0.599250936329588,0.2777777777777778,294
mistral_medium,r1,persona,higher_education,none,0.272108843537415,0.3571190224568324,0.22248369190503928,0.8673469387755102,0.9013605442176871,0.19101123595505617,0.5730337078651685,0.2777777777777778,294
mistral_medium,r1,persona,male,none,0.3231292517006803,0.42115199806285136,0.26292588472788697,0.7551020408163265,0.7959183673469388,0.13108614232209737,0.5767790262172284,0.2222222222222222,294
mistral_medium,r1,persona,female,none,0.25510204081632654,0.3382056204744553,0.20878216219233128,0.8979591836734694,0.9319727891156463,0.20599250936329588,0.5730337078651685,0.3333333333333333,294
mistral_medium,r1,persona,not_lonely,none,0.40476190476190477,0.5158202973203474,0.29745023272768734,0.6768707482993197,0.717687074829932,0.1348314606741573,0.4794007490636704,0.2777777777777778,294
mistral_medium,r1,persona,somewhat_lonely,none,0.30272108843537415,0.4026400478963144,0.23754100876283898,0.7789115646258503,0.826530612244898,0.14232209737827714,0.5805243445692884,0.2777777777777778,294
mistral_medium,r1,persona,left-wing,none,0.22789115646258504,0.30615040829086776,0.18415890555042216,1.054421768707483,1.0680272108843538,0.3258426966292135,0.4794007490636704,0.5555555555555556,294
mistral_medium,r1,persona,right-wing,none,0.3299319727891156,0.43104128014842297,0.25795454545454544,0.7619047619047619,0.8095238095238095,0.15355805243445692,0.5430711610486891,0.2222222222222222,294
mistral_medium,r1,persona,centrist,none,0.3333333333333333,0.42783700379066725,0.3158518836361106,0.6700680272108843,0.7108843537414966,0.04868913857677903,0.6591760299625468,0.05555555555555555,294
mistral_medium,r1,persona,white,none,0.3673469387755102,0.4725272659883354,0.28566900020085256,0.7074829931972789,0.7482993197278912,0.12734082397003746,0.5318352059925093,0.2222222222222222,294
mistral_medium,r1,persona,black,none,0.30612244897959184,0.4038373215588702,0.23150782311525261,0.891156462585034,0.9251700680272109,0.2546816479400749,0.4681647940074906,0.3333333333333333,294
mistral_medium,r1,persona,asian,none,0.32653061224489793,0.423206392383543,0.25290339642600773,0.8231292517006803,0.8503401360544217,0.1947565543071161,0.5131086142322098,0.2777777777777778,294
mistral_medium,r1,persona,christian,none,0.22789115646258504,0.3005821211463308,0.19171099290780144,0.9387755102040817,0.9727891156462585,0.2209737827715356,0.5880149812734082,0.3333333333333333,294
mistral_medium,r1,persona,muslim,none,0.24829931972789115,0.32575726729666954,0.2020749195780407,0.95578231292517,0.9829931972789115,0.2546816479400749,0.5355805243445693,0.3333333333333333,294
mistral_medium,r1,persona,jewish,none,0.2891156462585034,0.37661179431803177,0.22701856786363828,0.9931972789115646,1.0136054421768708,0.3333333333333333,0.4157303370786517,0.3333333333333333,294
mistral_medium,r1,persona,atheist,none,0.4217687074829932,0.5305516947411705,0.3044448738442801,0.6768707482993197,0.717687074829932,0.149812734082397,0.449438202247191,0.2777777777777778,294
mistral_medium,r1,persona,hindu,none,0.24829931972789115,0.3228593183118471,0.20959235633148676,0.9115646258503401,0.9319727891156463,0.19850187265917604,0.5955056179775281,0.3333333333333333,294
mistral_medium,r1,baseline,baseline,all,0.464,0.4526981884942322,0.44581268372403987,0.662,0.734,0.3289036544850498,0.3953488372093023,0.4266666666666667,500
mistral_medium,r1,persona,15,all,0.452,0.44134861344256643,0.45188042256174854,0.602,0.67,0.2026578073089701,0.5614617940199336,0.36,500
mistral_medium,r1,persona,35,all,0.45490981963927857,0.4492595890278732,0.45017794215880375,0.5991983967935872,0.6713426853707415,0.21,0.5366666666666666,0.4,499
mistral_medium,r1,persona,65,all,0.3983903420523139,0.3792172015305554,0.40504437037875674,0.6217303822937625,0.7183098591549296,0.1939799331103679,0.6321070234113713,0.37333333333333335,497
mistral_medium,r1,persona,no_formal_education,all,0.504,0.5220008920177087,0.5000102210362442,0.482,0.594,0.16279069767441862,0.4883720930232558,0.32,500
mistral_medium,r1,persona,high_school_education,all,0.46,0.47297626599569886,0.46811433142647196,0.516,0.616,0.12624584717607973,0.5980066445182725,0.36,500
mistral_medium,r1,persona,higher_education,all,0.452,0.44493729225279627,0.45005192250508935,0.598,0.662,0.1893687707641196,0.5681063122923588,0.4,500
mistral_medium,r1,persona,male,all,0.472,0.4858455012524455,0.4782086677758885,0.506,0.61,0.1362126245847176,0.5714285714285714,0.3333333333333333,500
mistral_medium,r1,persona,female,all,0.428,0.4132961954438547,0.4228150454807033,0.638,0.698,0.20930232558139536,0.5780730897009967,0.4533333333333333,500
mistral_medium,r1,persona,not_lonely,all,0.522,0.5464583860232546,0.5152868319078997,0.438,0.562,0.13953488372093023,0.4750830564784053,0.30666666666666664,500
mistral_medium,r1,persona,somewhat_lonely,all,0.452,0.4647569289171432,0.46083717915519423,0.51,0.634,0.14285714285714285,0.584717607973422,0.32,500
mistral_medium,r1,persona,left-wing,all,0.408,0.37538851775388,0.3824482927447214,0.77,0.794,0.33554817275747506,0.4750830564784053,0.6133333333333333,500
mistral_medium,r1,persona,right-wing,all,0.462,0.4831142330686305,0.4664631374729094,0.466,0.634,0.15282392026578073,0.5348837209302325,0.29333333333333333,500
mistral_medium,r1,persona,centrist,all,0.46,0.49146532419724254,0.48920708176147193,0.412,0.572,0.053156146179401995,0.6578073089700996,0.21333333333333335,500
mistral_medium,r1,persona,white,all,0.51,0.5295852327257433,0.5116452734154556,0.468,0.568,0.12956810631229235,0.5249169435215947,0.30666666666666664,500
mistral_medium,r1,persona,black,all,0.476,0.46646663879874034,0.4617945649661883,0.626,0.674,0.24916943521594684,0.4750830564784053,0.4266666666666667,500
mistral_medium,r1,persona,asian,all,0.48,0.4778883714089616,0.4728035117043843,0.582,0.638,0.19601328903654486,0.521594684385382,0.4,500
mistral_medium,r1,persona,christian,all,0.41,0.39174557552868855,0.4061043126163169,0.656,0.724,0.22259136212624583,0.584717607973422,0.4666666666666667,500
mistral_medium,r1,persona,muslim,all,0.43,0.4034660198955974,0.4206828969152913,0.684,0.724,0.2558139534883721,0.5448504983388704,0.4533333333333333,500
mistral_medium,r1,persona,jewish,all,0.46,0.4365266511509178,0.44027848445054213,0.71,0.742,0.33554817275747506,0.4186046511627907,0.4666666666666667,500
mistral_medium,r1,persona,atheist,all,0.548,0.5663269645697557,0.5355217036313672,0.454,0.55,0.15946843853820597,0.43521594684385384,0.32,500
mistral_medium,r1,persona,hindu,all,0.434,0.4139085007410004,0.43313214116542326,0.642,0.69,0.2059800664451827,0.5913621262458472,0.41333333333333333,500
mistral_medium,r2,baseline,baseline,gender,0.4859154929577465,0.4473218096457533,0.47525252525252526,0.5774647887323944,0.647887323943662,0.30158730158730157,0.49206349206349204,0.375,142
mistral_medium,r2,persona,15,gender,0.47183098591549294,0.4031045346856575,0.4528497683303259,0.5915492957746479,0.6338028169014085,0.23809523809523808,0.6349206349206349,0.3541666666666667,142
mistral_medium,r2,persona,35,gender,0.4788732394366197,0.42248497734042584,0.4670436775699934,0.5563380281690141,0.6126760563380281,0.20634920634920634,0.6349206349206349,0.3541666666666667,142
mistral_medium,r2,persona,65,gender,0.425531914893617,0.34748613879678014,0.40422716812942494,0.5957446808510638,0.6666666666666666,0.20634920634920634,0.7142857142857143,0.375,141
mistral_medium,r2,persona,no_formal_education,gender,0.528169014084507,0.4959618646414053,0.5252964839191295,0.4788732394366197,0.5633802816901409,0.20634920634920634,0.5396825396825397,0.2916666666666667,142
mistral_medium,r2,persona,high_school_education,gender,0.5352112676056338,0.48767190079897166,0.5296791677594195,0.4788732394366197,0.5352112676056338,0.15873015873015872,0.6349206349206349,0.25,142
mistral_medium,r2,persona,higher_education,gender,0.45774647887323944,0.4093007906860092,0.44687820770295,0.5915492957746479,0.647887323943662,0.23809523809523808,0.5873015873015873,0.4375,142
mistral_medium,r2,persona,male,gender,0.5070422535211268,0.4648125717933007,0.5065707944873497,0.4788732394366197,0.5492957746478874,0.12698412698412698,0.6666666666666666,0.3125,142
mistral_medium,r2,persona,female,gender,0.44366197183098594,0.3725251509054326,0.4202910052910053,0.647887323943662,0.676056338028169,0.2698412698412698,0.6190476190476191,0.4375,142
mistral_medium,r2,persona,not_lonely,gender,0.5633802816901409,0.5369492759951262,0.5669672254060151,0.4225352112676056,0.5070422535211268,0.15873015873015872,0.5396825396825397,0.25,142
mistral_medium,r2,persona,somewhat_lonely,gender,0.5070422535211268,0.4664449099661259,0.5053713080168777,0.45774647887323944,0.5563380281690141,0.14285714285714285,0.6507936507936508,0.2708333333333333,142
mistral_medium,r2,persona,left-wing,gender,0.4084507042253521,0.3427896037184086,0.38169438391825344,0.7535211267605634,0.7676056338028169,0.3968253968253968,0.49206349206349204,0.5625,142
mistral_medium,r2,persona,right-wing,gender,0.5492957746478874,0.5229204115816979,0.5533290336128153,0.3732394366197183,0.528169014084507,0.15873015873015872,0.5555555555555556,0.1875,142
mistral_medium,r2,persona,centrist,gender,0.5140845070422535,0.4772248115981401,0.5206393856182886,0.3873239436619718,0.5140845070422535,0.06349206349206349,0.7301587301587301,0.20833333333333334,142
mistral_medium,r2,persona,white,gender,0.528169014084507,0.5014084507042254,0.5349206349206349,0.4225352112676056,0.5211267605633803,0.1111111111111111,0.6190476190476191,0.2916666666666667,142
mistral_medium,r2,persona,black,gender,0.4859154929577465,0.43901189880518043,0.4738872842533109,0.5845070422535211,0.6408450704225352,0.2857142857142857,0.5238095238095238,0.375,142
mistral_medium,r2,persona,asian,gender,0.47183098591549294,0.426285838944946,0.46250435489490194,0.5704225352112676,0.6408450704225352,0.25396825396825395,0.5555555555555556,0.3958333333333333,142
mistral_medium,r2,persona,christian,gender,0.43661971830985913,0.3599025473437474,0.40976801402474256,0.6619718309859155,0.6901408450704225,0.2857142857142857,0.6190476190476191,0.4375,142
mistral_medium,r2,persona,muslim,gender,0.4507042253521127,0.3719122924373847,0.4199522684959578,0.6830985915492958,0.6971830985915493,0.3333333333333333,0.5714285714285714,0.4166666666666667,142
mistral_medium,r2,persona,jewish,gender,0.43661971830985913,0.3791362600554594,0.4169720597790773,0.676056338028169,0.7323943661971831,0.38095238095238093,0.47619047619047616,0.4583333333333333,142
mistral_medium,r2,persona,atheist,gender,0.5352112676056338,0.4992328512076129,0.5349808630102387,0.4647887323943662,0.5492957746478874,0.19047619047619047,0.5555555555555556,0.2708333333333333,142
mistral_medium,r2,persona,hindu,gender,0.45774647887323944,0.3711928320495052,0.4255021612001017,0.6338028169014085,0.6619718309859155,0.2698412698412698,0.6507936507936508,0.3541666666666667,142
mistral_medium,r2,baseline,baseline,race_ethnicity,0.5964912280701754,0.5356869694766426,0.43988172072542175,0.49707602339181284,0.5906432748538012,0.6274509803921569,0.21568627450980393,0.6666666666666666,171
mistral_medium,r2,persona,15,race_ethnicity,0.5789473684210527,0.535224709342386,0.42459123858025744,0.4093567251461988,0.5380116959064327,0.39215686274509803,0.47058823529411764,0.6296296296296297,171
mistral_medium,r2,persona,35,race_ethnicity,0.5847953216374269,0.5358039699117672,0.43182365840140724,0.4093567251461988,0.5380116959064327,0.4117647058823529,0.47058823529411764,0.5555555555555556,171
mistral_medium,r2,persona,65,race_ethnicity,0.5411764705882353,0.5028851286431087,0.3946864287154668,0.3764705882352941,0.5647058823529412,0.35294117647058826,0.5490196078431373,0.5925925925925926,170
mistral_medium,r2,persona,no_formal_education,race_ethnicity,0.5614035087719298,0.5566004360566152,0.46524878085949406,0.2631578947368421,0.5321637426900585,0.3137254901960784,0.47058823529411764,0.4444444444444444,171
mistral_medium,r2,persona,high_school_education,race_ethnicity,0.5789473684210527,0.5569966368161529,0.449931047472974,0.3216374269005848,0.49707602339181284,0.2549019607843137,0.5882352941176471,0.5185185185185185,171
mistral_medium,r2,persona,higher_education,race_ethnicity,0.5964912280701754,0.5505340979127435,0.4403971723058659,0.4152046783625731,0.5087719298245614,0.35294117647058826,0.5098039215686274,0.6296296296296297,171
mistral_medium,r2,persona,male,race_ethnicity,0.5614035087719298,0.5377506775067751,0.4224119241192412,0.32748538011695905,0.5146198830409356,0.2549019607843137,0.6078431372549019,0.5555555555555556,171
mistral_medium,r2,persona,female,race_ethnicity,0.5789473684210527,0.5233163567287035,0.40759674325019885,0.43859649122807015,0.5321637426900585,0.37254901960784315,0.5294117647058824,0.6666666666666666,171
mistral_medium,r2,persona,not_lonely,race_ethnicity,0.5789473684210527,0.5637902695492163,0.45755814183874427,0.30409356725146197,0.49122807017543857,0.23529411764705882,0.5882352941176471,0.5185185185185185,171
mistral_medium,r2,persona,somewhat_lonely,race_ethnicity,0.5614035087719298,0.5437419566633314,0.4401977373013503,0.30994152046783624,0.52046783625731,0.27450980392156865,0.5686274509803921,0.5185185185185185,171
mistral_medium,r2,persona,left-wing,race_ethnicity,0.5789473684210527,0.49616265319117575,0.3773655561515386,0.5555555555555556,0.6023391812865497,0.6078431372549019,0.29411764705882354,0.8148148148148148,171
mistral_medium,r2,persona,right-wing,race_ethnicity,0.5672514619883041,0.5636952450703226,0.4743344551072874,0.25146198830409355,0.5321637426900585,0.29411764705882354,0.47058823529411764,0.48148148148148145,171
mistral_medium,r2,persona,centrist,race_ethnicity,0.5146198830409356,0.5265242439323163,0.42256573436266437,0.2046783625730994,0.52046783625731,0.11764705882352941,0.7254901960784313,0.48148148148148145,171
mistral_medium,r2,persona,white,race_ethnicity,0.5730994152046783,0.5566423800850031,0.44399851582000943,0.3216374269005848,0.49707602339181284,0.23529411764705882,0.5882352941176471,0.5925925925925926,171
mistral_medium,r2,persona,black,race_ethnicity,0.5847953216374269,0.5061783011850867,0.39319285908411467,0.49122807017543857,0.5614035087719298,0.49019607843137253,0.45098039215686275,0.6296296296296297,171
mistral_medium,r2,persona,asian,race_ethnicity,0.5964912280701754,0.545821249441865,0.4319386102188177,0.42105263157894735,0.5029239766081871,0.3333333333333333,0.5490196078431373,0.6296296296296297,171
mistral_medium,r2,persona,christian,race_ethnicity,0.5614035087719298,0.5034382997663291,0.38302403883799235,0.4444444444444444,0.5497076023391813,0.37254901960784315,0.5490196078431373,0.7037037037037037,171
mistral_medium,r2,persona,muslim,race_ethnicity,0.5847953216374269,0.5123409951995177,0.39833017814669186,0.4678362573099415,0.5380116959064327,0.4117647058823529,0.5294117647058824,0.6296296296296297,171
mistral_medium,r2,persona,jewish,race_ethnicity,0.5847953216374269,0.5066032407269085,0.4045657286513665,0.52046783625731,0.5906432748538012,0.5882352941176471,0.3333333333333333,0.6666666666666666,171
mistral_medium,r2,persona,atheist,race_ethnicity,0.5906432748538012,0.5672865183867218,0.4581180202387484,0.32748538011695905,0.49122807017543857,0.27450980392156865,0.5490196078431373,0.5185185185185185,171
mistral_medium,r2,persona,hindu,race_ethnicity,0.6023391812865497,0.5348632108083554,0.4296794233413952,0.4502923976608187,0.52046783625731,0.4117647058823529,0.5098039215686274,0.5555555555555556,171
mistral_medium,r2,baseline,baseline,religion,0.6138613861386139,0.5839534630692816,0.435964688106671,0.45544554455445546,0.5544554455445545,0.4857142857142857,0.2857142857142857,0.7777777777777778,101
mistral_medium,r2,persona,15,religion,0.6237623762376238,0.5938021393602775,0.43941703621581674,0.42574257425742573,0.48514851485148514,0.3142857142857143,0.5142857142857142,0.6666666666666666,101
mistral_medium,r2,persona,35,religion,0.64,0.6195550595238095,0.4696924603174603,0.4,0.48,0.35294117647058826,0.4117647058823529,0.6666666666666666,100
mistral_medium,r2,persona,65,religion,0.58,0.5788771929824561,0.4304093567251462,0.36,0.52,0.2857142857142857,0.5142857142857142,0.6666666666666666,100
mistral_medium,r2,persona,no_formal_education,religion,0.6336633663366337,0.640224386199773,0.49816975520475865,0.32673267326732675,0.48514851485148514,0.34285714285714286,0.3142857142857143,0.6666666666666666,101
mistral_medium,r2,persona,high_school_education,religion,0.6138613861386139,0.6149016540998362,0.4781972732792405,0.33663366336633666,0.49504950495049505,0.3142857142857143,0.42857142857142855,0.5555555555555556,101
mistral_medium,r2,persona,higher_education,religion,0.6336633663366337,0.6052428948821363,0.4546970075852297,0.42574257425742573,0.48514851485148514,0.34285714285714286,0.45714285714285713,0.6666666666666666,101
mistral_medium,r2,persona,male,religion,0.6237623762376238,0.6253431794792381,0.477571413055284,0.3465346534653465,0.48514851485148514,0.3142857142857143,0.4,0.6666666666666666,101
mistral_medium,r2,persona,female,religion,0.6237623762376238,0.6045590605572185,0.4423772609819121,0.4158415841584158,0.49504950495049505,0.34285714285714286,0.42857142857142855,0.7777777777777778,101
mistral_medium,r2,persona,not_lonely,religion,0.6633663366336634,0.6641783945038293,0.5304278197208877,0.32673267326732675,0.44554455445544555,0.3142857142857143,0.34285714285714286,0.5555555555555556,101
mistral_medium,r2,persona,somewhat_lonely,religion,0.594059405940594,0.5854891940806983,0.43548387096774194,0.37623762376237624,0.5148514851485149,0.3142857142857143,0.4857142857142857,0.6666666666666666,101
mistral_medium,r2,persona,left-wing,religion,0.6435643564356436,0.5804798763785837,0.43154833117984553,0.5346534653465347,0.5346534653465347,0.5142857142857142,0.3142857142857143,0.7777777777777778,101
mistral_medium,r2,persona,right-wing,religion,0.5643564356435643,0.5988448844884489,0.43538011695906437,0.21782178217821782,0.5148514851485149,0.17142857142857143,0.5428571428571428,0.6666666666666666,101
mistral_medium,r2,persona,centrist,religion,0.5742574257425742,0.6254320759178722,0.4827275874004846,0.1782178217821782,0.45544554455445546,0.08571428571428572,0.6285714285714286,0.4444444444444444,101
mistral_medium,r2,persona,white,religion,0.6435643564356436,0.6592894583576006,0.5032679738562092,0.27722772277227725,0.43564356435643564,0.22857142857142856,0.42857142857142855,0.5555555555555556,101
mistral_medium,r2,persona,black,religion,0.6534653465346535,0.6164510896996517,0.46506390570618,0.44554455445544555,0.46534653465346537,0.34285714285714286,0.45714285714285713,0.6666666666666666,101
mistral_medium,r2,persona,asian,religion,0.6435643564356436,0.6108657019548108,0.4598290598290598,0.43564356435643564,0.4752475247524752,0.34285714285714286,0.45714285714285713,0.6666666666666666,101
mistral_medium,r2,persona,christian,religion,0.6138613861386139,0.5817726625292198,0.417494805221005,0.44554455445544555,0.504950495049505,0.34285714285714286,0.4857142857142857,0.7777777777777778,101
mistral_medium,r2,persona,muslim,religion,0.6138613861386139,0.554016610452254,0.3736670736670737,0.5148514851485149,0.5148514851485149,0.37142857142857144,0.5142857142857142,0.8888888888888888,101
mistral_medium,r2,persona,jewish,religion,0.6435643564356436,0.5858867264686234,0.4304887939390343,0.5148514851485149,0.5148514851485149,0.45714285714285713,0.37142857142857144,0.7777777777777778,101
mistral_medium,r2,persona,atheist,religion,0.6534653465346535,0.6493737572515016,0.5012192316540143,0.3564356435643564,0.45544554455445546,0.3142857142857143,0.37142857142857144,0.6666666666666666,101
mistral_medium,r2,persona,hindu,religion,0.6237623762376238,0.5702951644254266,0.41586334572975797,0.4752475247524752,0.49504950495049505,0.34285714285714286,0.5428571428571428,0.6666666666666666,101
mistral_medium,r2,baseline,baseline,other,0.49411764705882355,0.4923105292273649,0.48693834900731453,0.5647058823529412,0.7058823529411765,0.3541666666666667,0.2916666666666667,0.3333333333333333,85
mistral_medium,r2,persona,15,other,0.5176470588235295,0.4871440986066313,0.5210313727660045,0.6,0.6235294117647059,0.25,0.4791666666666667,0.2777777777777778,85
mistral_medium,r2,persona,35,other,0.5176470588235295,0.5134742904154669,0.522890442890443,0.5058823529411764,0.6,0.20833333333333334,0.4583333333333333,0.2777777777777778,85
mistral_medium,r2,persona,65,other,0.4588235294117647,0.43434869029579043,0.47123898739823805,0.5411764705882353,0.6588235294117647,0.20833333333333334,0.5625,0.2222222222222222,85
mistral_medium,r2,persona,no_formal_education,other,0.5058823529411764,0.5068597285067873,0.5082051282051282,0.47058823529411764,0.611764705882353,0.20833333333333334,0.4375,0.2777777777777778,85
mistral_medium,r2,persona,high_school_education,other,0.5176470588235295,0.513572701807996,0.5266955266955267,0.47058823529411764,0.5882352941176471,0.1875,0.4791666666666667,0.2222222222222222,85
mistral_medium,r2,persona,higher_education,other,0.4823529411764706,0.46081134551722785,0.48395308395308395,0.5882352941176471,0.6588235294117647,0.25,0.4791666666666667,0.3333333333333333,85
mistral_medium,r2,persona,male,other,0.5058823529411764,0.5124387894249475,0.5128725672549108,0.4470588235294118,0.5882352941176471,0.16666666666666666,0.4791666666666667,0.2777777777777778,85
mistral_medium,r2,persona,female,other,0.4823529411764706,0.44805420877387697,0.48898819375482727,0.6,0.6470588235294118,0.22916666666666666,0.5416666666666666,0.2777777777777778,85
mistral_medium,r2,persona,not_lonely,other,0.5294117647058824,0.5342560553633218,0.5344952795933188,0.4470588235294118,0.5647058823529412,0.16666666666666666,0.4583333333333333,0.2777777777777778,85
mistral_medium,r2,persona,somewhat_lonely,other,0.5058823529411764,0.5068790188140033,0.5127867746288799,0.4823529411764706,0.6,0.1875,0.4791666666666667,0.2777777777777778,85
mistral_medium,r2,persona,left-wing,other,0.4588235294117647,0.43185520361990953,0.4467236467236468,0.7411764705882353,0.7411764705882353,0.3541666666666667,0.3958333333333333,0.5555555555555556,85
mistral_medium,r2,persona,right-wing,other,0.47058823529411764,0.48830267823801754,0.4829085326078309,0.3058823529411765,0.611764705882353,0.10416666666666667,0.5208333333333334,0.2222222222222222,85
mistral_medium,r2,persona,centrist,other,0.5058823529411764,0.5075032079421895,0.5415470723306544,0.38823529411764707,0.5294117647058824,0.0625,0.6458333333333334,0.1111111111111111,85
mistral_medium,r2,persona,white,other,0.5529411764705883,0.5648512139870687,0.5632087096220736,0.35294117647058826,0.5176470588235295,0.125,0.4583333333333333,0.16666666666666666,85
mistral_medium,r2,persona,black,other,0.4588235294117647,0.43112596724430574,0.4656812926222144,0.5882352941176471,0.6588235294117647,0.20833333333333334,0.5625,0.3333333333333333,85
mistral_medium,r2,persona,asian,other,0.47058823529411764,0.44897720874950475,0.4788491078813659,0.5647058823529412,0.6352941176470588,0.1875,0.5625,0.3333333333333333,85
mistral_medium,r2,persona,christian,other,0.4588235294117647,0.4101274992755723,0.4605911330049261,0.6588235294117647,0.6823529411764706,0.25,0.5625,0.3333333333333333,85
mistral_medium,r2,persona,muslim,other,0.43529411764705883,0.3844980097302079,0.4367167919799499,0.6705882352941176,0.6941176470588235,0.22916666666666666,0.6041666666666666,0.3888888888888889,85
mistral_medium,r2,persona,jewish,other,0.4588235294117647,0.4168417823452718,0.45588874402433727,0.6823529411764706,0.7058823529411765,0.2916666666666667,0.5,0.3888888888888889,85
mistral_medium,r2,persona,atheist,other,0.5764705882352941,0.5811293982381686,0.5735096292037942,0.43529411764705883,0.5294117647058824,0.1875,0.375,0.2777777777777778,85
mistral_medium,r2,persona,hindu,other,0.4588235294117647,0.414710563270401,0.4675508399646331,0.611764705882353,0.6588235294117647,0.20833333333333334,0.6041666666666666,0.2777777777777778,85
mistral_medium,r2,baseline,baseline,none,0.3231292517006803,0.4320148256669041,0.22885575236850028,0.9115646258503401,0.9591836734693877,0.31086142322097376,0.38202247191011235,0.3888888888888889,294
mistral_medium,r2,persona,15,none,0.2789115646258503,0.36597952334845896,0.2255891148106717,0.8639455782312925,0.8979591836734694,0.1947565543071161,0.5617977528089888,0.2777777777777778,294
mistral_medium,r2,persona,35,none,0.3003412969283277,0.39650977927311715,0.22885717454800902,0.8464163822525598,0.8873720136518771,0.20676691729323307,0.5225563909774437,0.2777777777777778,293
mistral_medium,r2,persona,65,none,0.24573378839590443,0.317576054734618,0.21354070879961198,0.8771331058020477,0.9112627986348123,0.17293233082706766,0.6240601503759399,0.2222222222222222,293
mistral_medium,r2,persona,no_formal_education,none,0.3741496598639456,0.4812502496106075,0.27684822787562513,0.7278911564625851,0.7755102040816326,0.1647940074906367,0.48314606741573035,0.2222222222222222,294
mistral_medium,r2,persona,high_school_education,none,0.32653061224489793,0.4227832948852769,0.2645277224527945,0.7653061224489796,0.7993197278911565,0.13857677902621723,0.5692883895131086,0.2222222222222222,294
mistral_medium,r2,persona,higher_education,none,0.30272108843537415,0.4021403156005762,0.2322471446263933,0.8401360544217688,0.8809523809523809,0.20224719101123595,0.5205992509363296,0.3333333333333333,294
mistral_medium,r2,persona,male,none,0.3401360544217687,0.44451249644480806,0.268163310981226,0.7380952380952381,0.7789115646258503,0.13108614232209737,0.5543071161048689,0.2777777777777778,294
mistral_medium,r2,persona,female,none,0.2619047619047619,0.3482644146994994,0.21218497814242498,0.8979591836734694,0.9251700680272109,0.20599250936329588,0.5655430711610487,0.3888888888888889,294
mistral_medium,r2,persona,not_lonely,none,0.4013605442176871,0.512386316533782,0.29802203637329083,0.673469387755102,0.7142857142857143,0.12734082397003746,0.49063670411985016,0.2777777777777778,294
mistral_medium,r2,persona,somewhat_lonely,none,0.3299319727891156,0.43034927573983267,0.26539991921205325,0.7551020408163265,0.7891156462585034,0.13108614232209737,0.5692883895131086,0.2777777777777778,294
mistral_medium,r2,persona,left-wing,none,0.23129251700680273,0.3151500882018684,0.18227242057510373,1.0442176870748299,1.064625850340136,0.3258426966292135,0.47191011235955055,0.5555555555555556,294
mistral_medium,r2,persona,right-wing,none,0.32653061224489793,0.425945724977202,0.2569765451121383,0.7585034013605442,0.8129251700680272,0.15355805243445692,0.5468164794007491,0.16666666666666666,294
mistral_medium,r2,persona,centrist,none,0.3299319727891156,0.4324287956941018,0.30195360195360194,0.6666666666666666,0.7142857142857143,0.04868913857677903,0.651685393258427,0.16666666666666666,294
mistral_medium,r2,persona,white,none,0.3945578231292517,0.49959313542756956,0.3033048825395865,0.6768707482993197,0.717687074829932,0.12359550561797752,0.5093632958801498,0.16666666666666666,294
mistral_medium,r2,persona,black,none,0.30272108843537415,0.39856667026240683,0.2319184481122427,0.8639455782312925,0.9047619047619048,0.22846441947565543,0.49812734082397003,0.2777777777777778,294
mistral_medium,r2,persona,asian,none,0.32653061224489793,0.4231461400010428,0.2511133673727462,0.8367346938775511,0.8639455782312925,0.20973782771535582,0.49812734082397003,0.2777777777777778,294
mistral_medium,r2,persona,christian,none,0.2108843537414966,0.2762030989511568,0.18235166991528728,0.9523809523809523,0.9863945578231292,0.21722846441947566,0.6104868913857678,0.3333333333333333,294
mistral_medium,r2,persona,muslim,none,0.23129251700680273,0.3019909226365456,0.19199585918907822,0.9761904761904762,1.0034013605442176,0.25842696629213485,0.550561797752809,0.3333333333333333,294
mistral_medium,r2,persona,jewish,none,0.30272108843537415,0.40110976513815494,0.22774293440646157,0.9693877551020408,0.9965986394557823,0.3295880149812734,0.3970037453183521,0.3888888888888889,294
mistral_medium,r2,persona,atheist,none,0.40476190476190477,0.5158202973203474,0.29745023272768734,0.6768707482993197,0.717687074829932,0.1348314606741573,0.4794007490636704,0.2777777777777778,294
mistral_medium,r2,persona,hindu,none,0.23469387755102042,0.3027508674764129,0.19891111442835582,0.9421768707482994,0.9693877551020408,0.2247191011235955,0.5842696629213483,0.2777777777777778,294
mistral_medium,r2,baseline,baseline,all,0.478,0.47278149609661935,0.45844081153874633,0.638,0.714,0.31893687707641194,0.3787375415282392,0.4266666666666667,500
mistral_medium,r2,persona,15,all,0.446,0.43918448998623144,0.44423050409857795,0.6,0.672,0.19601328903654486,0.5647840531561462,0.4,500
mistral_medium,r2,persona,35,all,0.4649298597194389,0.46451947260270365,0.460101747893392,0.5791583166332666,0.6593186372745491,0.20666666666666667,0.52,0.38666666666666666,499
mistral_medium,r2,persona,65,all,0.4084507042253521,0.40215686643536763,0.41572828003562057,0.5955734406438632,0.6961770623742455,0.17333333333333334,0.6233333333333333,0.4,497
mistral_medium,r2,persona,no_formal_education,all,0.498,0.5181148262306798,0.49430075344709484,0.47,0.606,0.17275747508305647,0.4750830564784053,0.29333333333333333,500
mistral_medium,r2,persona,high_school_education,all,0.478,0.48819303285546944,0.4857307103499997,0.508,0.608,0.14285714285714285,0.5681063122923588,0.29333333333333333,500
mistral_medium,r2,persona,higher_education,all,0.466,0.46683807254657556,0.45714659371011157,0.588,0.656,0.2026578073089701,0.5182724252491694,0.44,500
mistral_medium,r2,persona,male,all,0.478,0.49618728225179837,0.4800795381440543,0.496,0.604,0.1362126245847176,0.5514950166112956,0.36,500
mistral_medium,r2,persona,female,all,0.436,0.42564950677972563,0.43131292823613254,0.632,0.688,0.2059800664451827,0.5681063122923588,0.4666666666666667,500
mistral_medium,r2,persona,not_lonely,all,0.532,0.5556438413610388,0.5273645361212401,0.438,0.55,0.1362126245847176,0.4750830564784053,0.29333333333333333,500
mistral_medium,r2,persona,somewhat_lonely,all,0.472,0.4871254643377931,0.47886220831426307,0.5,0.612,0.13953488372093023,0.5647840531561462,0.32,500
mistral_medium,r2,persona,left-wing,all,0.416,0.3843307669202272,0.3917287161288096,0.766,0.786,0.33554817275747506,0.4684385382059801,0.6,500
mistral_medium,r2,persona,right-wing,all,0.462,0.47958139944455735,0.4679817890344206,0.464,0.64,0.15614617940199335,0.5382059800664452,0.26666666666666666,500
mistral_medium,r2,persona,centrist,all,0.46,0.4952435725986951,0.4875654622163296,0.406,0.57,0.04983388704318937,0.6511627906976745,0.24,500
mistral_medium,r2,persona,white,all,0.518,0.5428812305932342,0.5155367616349803,0.444,0.556,0.12292358803986711,0.5049833887043189,0.32,500
mistral_medium,r2,persona,black,all,0.47,0.4613294835883071,0.4600200883374617,0.614,0.666,0.22591362126245848,0.5083056478405316,0.41333333333333333,500
mistral_medium,r2,persona,asian,all,0.476,0.4752729781098868,0.4661409054901003,0.588,0.648,0.2059800664451827,0.5083056478405316,0.4266666666666667,500
mistral_medium,r2,persona,christian,all,0.402,0.3763318967190836,0.39764262140499756,0.674,0.73,0.21926910299003322,0.6079734219269103,0.48,500
mistral_medium,r2,persona,muslim,all,0.422,0.38988873370577276,0.41260604179598587,0.7,0.732,0.2558139534883721,0.5614617940199336,0.4666666666666667,500
mistral_medium,r2,persona,jewish,all,0.462,0.445391944190413,0.4408560044365261,0.69,0.734,0.32558139534883723,0.4119601328903654,0.48,500
mistral_medium,r2,persona,atheist,all,0.532,0.5538890791646546,0.5224354006323316,0.448,0.556,0.1461794019933555,0.46179401993355484,0.32,500
mistral_medium,r2,persona,hindu,all,0.432,0.40428872741555383,0.4304071746530506,0.656,0.7,0.21926910299003322,0.5913621262458472,0.38666666666666666,500
mistral_medium,r3,baseline,baseline,gender,0.5,0.463364420758787,0.49155768671897704,0.5422535211267606,0.6267605633802817,0.2857142857142857,0.49206349206349204,0.3333333333333333,142
mistral_medium,r3,persona,15,gender,0.4647887323943662,0.39240670577734055,0.44481827153060033,0.5774647887323944,0.6338028169014085,0.2222222222222222,0.6666666666666666,0.3333333333333333,142
mistral_medium,r3,persona,35,gender,0.47183098591549294,0.4105099562894609,0.45597330367074523,0.5774647887323944,0.6338028169014085,0.23809523809523808,0.6190476190476191,0.3541666666666667,142
mistral_medium,r3,persona,65,gender,0.44680851063829785,0.36593922954339014,0.4203055653744943,0.5886524822695035,0.6453900709219859,0.20967741935483872,0.7096774193548387,0.3541666666666667,141
mistral_medium,r3,persona,no_formal_education,gender,0.5352112676056338,0.5026175464756317,0.5366504100681316,0.4154929577464789,0.5422535211267606,0.1746031746031746,0.5714285714285714,0.20833333333333334,142
mistral_medium,r3,persona,high_school_education,gender,0.5070422535211268,0.45524564711101256,0.5017997750281215,0.47183098591549294,0.5563380281690141,0.14285714285714285,0.6825396825396826,0.25,142
mistral_medium,r3,persona,higher_education,gender,0.45774647887323944,0.4095096897172509,0.44862155388471175,0.5774647887323944,0.6338028169014085,0.20634920634920634,0.6190476190476191,0.4375,142
mistral_medium,r3,persona,male,gender,0.49295774647887325,0.44803917774567814,0.4926674950476319,0.4788732394366197,0.5633802816901409,0.12698412698412698,0.6825396825396826,0.3125,142
mistral_medium,r3,persona,female,gender,0.4295774647887324,0.3541649899396378,0.4050793650793651,0.647887323943662,0.6901408450704225,0.2698412698412698,0.6349206349206349,0.4375,142
mistral_medium,r3,persona,not_lonely,gender,0.5211267605633803,0.49317841582367866,0.5247984861589939,0.4295774647887324,0.5563380281690141,0.1746031746031746,0.5555555555555556,0.2708333333333333,142
mistral_medium,r3,persona,somewhat_lonely,gender,0.5070422535211268,0.45278455279050817,0.4963528367333864,0.5140845070422535,0.5845070422535211,0.20634920634920634,0.6190476190476191,0.2708333333333333,142
mistral_medium,r3,persona,left-wing,gender,0.39436619718309857,0.32416531083584954,0.3643652262208963,0.7816901408450704,0.795774647887324,0.42857142857142855,0.47619047619047616,0.5833333333333334,142
mistral_medium,r3,persona,right-wing,gender,0.528169014084507,0.509240913646674,0.530099875156055,0.352112676056338,0.5633802816901409,0.1746031746031746,0.5238095238095238,0.20833333333333334,142
mistral_medium,r3,persona,centrist,gender,0.4859154929577465,0.4326445000940897,0.4859609455292908,0.4154929577464789,0.5422535211267606,0.06349206349206349,0.7936507936507936,0.20833333333333334,142
mistral_medium,r3,persona,white,gender,0.5070422535211268,0.471677942068271,0.5128035798604285,0.43661971830985913,0.5352112676056338,0.09523809523809523,0.6825396825396826,0.2916666666666667,142
mistral_medium,r3,persona,black,gender,0.47183098591549294,0.41504051508772105,0.4543335297622237,0.6267605633802817,0.6690140845070423,0.31746031746031744,0.5238095238095238,0.3958333333333333,142
mistral_medium,r3,persona,asian,gender,0.4788732394366197,0.43274682563044314,0.46924657450973245,0.5704225352112676,0.6267605633802817,0.23809523809523808,0.5714285714285714,0.3958333333333333,142
mistral_medium,r3,persona,christian,gender,0.44366197183098594,0.3742411364740165,0.42257343550446996,0.6197183098591549,0.6619718309859155,0.23809523809523808,0.6507936507936508,0.4166666666666667,142
mistral_medium,r3,persona,muslim,gender,0.45774647887323944,0.384323313690207,0.4331337924024478,0.6408450704225352,0.6549295774647887,0.25396825396825395,0.6349206349206349,0.4166666666666667,142
mistral_medium,r3,persona,jewish,gender,0.4647887323943662,0.404824543524197,0.44325334310313247,0.6690140845070423,0.7112676056338029,0.3968253968253968,0.4603174603174603,0.3958333333333333,142
mistral_medium,r3,persona,atheist,gender,0.5633802816901409,0.5384835388977891,0.5669894493423905,0.4295774647887324,0.5140845070422535,0.1746031746031746,0.5079365079365079,0.2708333333333333,142
mistral_medium,r3,persona,hindu,gender,0.4647887323943662,0.39176376325025525,0.4414225801712279,0.6056338028169014,0.647887323943662,0.25396825396825395,0.6349206349206349,0.3541666666666667,142
mistral_medium,r3,baseline,baseline,race_ethnicity,0.5789473684210527,0.5193765242485798,0.4204509072791975,0.4853801169590643,0.6023391812865497,0.6078431372549019,0.2549019607843137,0.6666666666666666,171
mistral_medium,r3,persona,15,race_ethnicity,0.5730994152046783,0.53005120456644,0.4250398724082935,0.39766081871345027,0.5380116959064327,0.37254901960784315,0.5098039215686274,0.5925925925925926,171
mistral_medium,r3,persona,35,race_ethnicity,0.5847953216374269,0.5351431030222472,0.42577302897846847,0.4152046783625731,0.5321637426900585,0.39215686274509803,0.49019607843137253,0.5925925925925926,171
mistral_medium,r3,persona,65,race_ethnicity,0.5380116959064327,0.49579351273185435,0.38847224906757155,0.38011695906432746,0.5672514619883041,0.35294117647058826,0.5686274509803921,0.5925925925925926,171
mistral_medium,r3,persona,no_formal_education,race_ethnicity,0.5730994152046783,0.5722200219995757,0.4731766682028462,0.2573099415204678,0.49122807017543857,0.21568627450980393,0.5686274509803921,0.48148148148148145,171
mistral_medium,r3,persona,high_school_education,race_ethnicity,0.5555555555555556,0.5272698988851439,0.4162671045429666,0.3391812865497076,0.5263157894736842,0.27450980392156865,0.6078431372549019,0.5555555555555556,171
mistral_medium,r3,persona,higher_education,race_ethnicity,0.5964912280701754,0.5505340979127435,0.4403971723058659,0.4152046783625731,0.5087719298245614,0.35294117647058826,0.5098039215686274,0.6296296296296297,171
mistral_medium,r3,persona,male,race_ethnicity,0.5847953216374269,0.5537184405327241,0.4451882099697729,0.34502923976608185,0.49707602339181284,0.27450980392156865,0.5882352941176471,0.5185185185185185,171
mistral_medium,r3,persona,female,race_ethnicity,0.5906432748538012,0.5314443516197902,0.4201940035273369,0.4444444444444444,0.5263157894736842,0.39215686274509803,0.5098039215686274,0.6296296296296297,171
mistral_medium,r3,persona,not_lonely,race_ethnicity,0.5906432748538012,0.582673455488022,0.4780937810197707,0.28654970760233917,0.47368421052631576,0.21568627450980393,0.5686274509803921,0.5185185185185185,171
mistral_medium,r3,persona,somewhat_lonely,race_ethnicity,0.5672514619883041,0.5438476701739545,0.43583995488282623,0.3216374269005848,0.5087719298245614,0.2549019607843137,0.6078431372549019,0.5185185185185185,171
mistral_medium,r3,persona,left-wing,race_ethnicity,0.5964912280701754,0.5114288886773897,0.40792646172393016,0.5672514619883041,0.6023391812865497,0.6666666666666666,0.23529411764705882,0.7407407407407407,171
mistral_medium,r3,persona,right-wing,race_ethnicity,0.5847953216374269,0.5751382295236253,0.48587377124041625,0.2807017543859649,0.5380116959064327,0.35294117647058826,0.37254901960784315,0.5555555555555556,171
mistral_medium,r3,persona,centrist,race_ethnicity,0.5029239766081871,0.5098607763427707,0.40870357712462974,0.19883040935672514,0.5263157894736842,0.09803921568627451,0.7843137254901961,0.4444444444444444,171
mistral_medium,r3,persona,white,race_ethnicity,0.5555555555555556,0.5272644786330811,0.4113100196290394,0.34502923976608185,0.52046783625731,0.2549019607843137,0.6274509803921569,0.5925925925925926,171
mistral_medium,r3,persona,black,race_ethnicity,0.5789473684210527,0.5034355801006942,0.3931451046495294,0.5029239766081871,0.5847953216374269,0.5490196078431373,0.37254901960784315,0.6666666666666666,171
mistral_medium,r3,persona,asian,race_ethnicity,0.5964912280701754,0.546487135115475,0.43792765708533415,0.4152046783625731,0.5087719298245614,0.35294117647058826,0.5294117647058824,0.5925925925925926,171
mistral_medium,r3,persona,christian,race_ethnicity,0.5555555555555556,0.49905233485404843,0.37376477957873305,0.4444444444444444,0.5497076023391813,0.35294117647058826,0.5686274509803921,0.7407407407407407,171
mistral_medium,r3,persona,muslim,race_ethnicity,0.5789473684210527,0.5064359993359083,0.3888337414245693,0.47368421052631576,0.543859649122807,0.4117647058823529,0.5294117647058824,0.6666666666666666,171
mistral_medium,r3,persona,jewish,race_ethnicity,0.5964912280701754,0.5141414141414141,0.42150072150072154,0.5380116959064327,0.5964912280701754,0.6470588235294118,0.27450980392156865,0.6296296296296297,171
mistral_medium,r3,persona,atheist,race_ethnicity,0.6081871345029239,0.5865641227251134,0.48777466542172426,0.3333333333333333,0.4853801169590643,0.3137254901960784,0.47058823529411764,0.5185185185185185,171
mistral_medium,r3,persona,hindu,race_ethnicity,0.5964912280701754,0.5298274733164776,0.42659300358830876,0.4502923976608187,0.5321637426900585,0.43137254901960786,0.49019607843137253,0.5555555555555556,171
mistral_medium,r3,baseline,baseline,religion,0.6237623762376238,0.5973228751446573,0.4503485987696514,0.44554455445544555,0.5445544554455446,0.4857142857142857,0.2571428571428571,0.7777777777777778,101
mistral_medium,r3,persona,15,religion,0.6237623762376238,0.6109627574053086,0.4597693434902737,0.38613861386138615,0.48514851485148514,0.3142857142857143,0.45714285714285713,0.6666666666666666,101
mistral_medium,r3,persona,35,religion,0.66,0.6388205980066445,0.4900332225913621,0.4,0.46,0.35294117647058826,0.38235294117647056,0.6666666666666666,100
mistral_medium,r3,persona,65,religion,0.5841584158415841,0.5763286306457696,0.43420009406705634,0.3564356435643564,0.5148514851485149,0.2857142857142857,0.5428571428571428,0.5555555555555556,101
mistral_medium,r3,persona,no_formal_education,religion,0.6237623762376238,0.6377423224937958,0.47746208845067173,0.31683168316831684,0.4752475247524752,0.2857142857142857,0.37142857142857144,0.7777777777777778,101
mistral_medium,r3,persona,high_school_education,religion,0.6039603960396039,0.5993450979435099,0.4499910691958704,0.36633663366336633,0.504950495049505,0.3142857142857143,0.45714285714285713,0.6666666666666666,101
mistral_medium,r3,persona,higher_education,religion,0.6435643564356436,0.6223657554240045,0.46979713678419605,0.40594059405940597,0.46534653465346537,0.3142857142857143,0.45714285714285713,0.6666666666666666,101
mistral_medium,r3,persona,male,religion,0.6435643564356436,0.6329108910891089,0.4945050505050505,0.36633663366336633,0.46534653465346537,0.3142857142857143,0.42857142857142855,0.5555555555555556,101
mistral_medium,r3,persona,female,religion,0.6435643564356436,0.6192493667971448,0.4697674418604651,0.4158415841584158,0.4752475247524752,0.34285714285714286,0.42857142857142855,0.6666666666666666,101
mistral_medium,r3,persona,not_lonely,religion,0.693069306930693,0.693024045261669,0.563047619047619,0.31683168316831684,0.4158415841584158,0.3142857142857143,0.2857142857142857,0.5555555555555556,101
mistral_medium,r3,persona,somewhat_lonely,religion,0.6336633663366337,0.624865603478257,0.492809622432192,0.3465346534653465,0.46534653465346537,0.2857142857142857,0.4857142857142857,0.4444444444444444,101
mistral_medium,r3,persona,left-wing,religion,0.6435643564356436,0.5831294688323551,0.4308943089430894,0.5247524752475248,0.5247524752475248,0.4857142857142857,0.34285714285714286,0.7777777777777778,101
mistral_medium,r3,persona,right-wing,religion,0.594059405940594,0.6233997026076233,0.46241060526774813,0.2376237623762376,0.49504950495049505,0.22857142857142856,0.42857142857142855,0.6666666666666666,101
mistral_medium,r3,persona,centrist,religion,0.5445544554455446,0.582042819666582,0.44064577397910726,0.21782178217821782,0.49504950495049505,0.11428571428571428,0.6857142857142857,0.4444444444444444,101
mistral_medium,r3,persona,white,religion,0.6534653465346535,0.6710049513801729,0.5243988848494481,0.27722772277227725,0.4158415841584158,0.2,0.45714285714285713,0.5555555555555556,101
mistral_medium,r3,persona,black,religion,0.6435643564356436,0.6070892803566071,0.44155844155844154,0.45544554455445546,0.4752475247524752,0.34285714285714286,0.45714285714285713,0.7777777777777778,101
mistral_medium,r3,persona,asian,religion,0.6336633663366337,0.5962040312244019,0.4441283866932962,0.44554455445544555,0.48514851485148514,0.34285714285714286,0.4857142857142857,0.6666666666666666,101
mistral_medium,r3,persona,christian,religion,0.6138613861386139,0.5817726625292198,0.417494805221005,0.44554455445544555,0.504950495049505,0.34285714285714286,0.4857142857142857,0.7777777777777778,101
mistral_medium,r3,persona,muslim,religion,0.6237623762376238,0.5698019801980198,0.38950617283950617,0.504950495049505,0.504950495049505,0.37142857142857144,0.4857142857142857,0.8888888888888888,101
mistral_medium,r3,persona,jewish,religion,0.6435643564356436,0.5858867264686234,0.4304887939390343,0.5148514851485149,0.5148514851485149,0.45714285714285713,0.37142857142857144,0.7777777777777778,101
mistral_medium,r3,persona,atheist,religion,0.6633663366336634,0.6607708999246381,0.5223461650627005,0.3465346534653465,0.46534653465346537,0.37142857142857144,0.2571428571428571,0.6666666666666666,101
mistral_medium,r3,persona,hindu,religion,0.6336633663366337,0.5931336421670467,0.44412586110593927,0.45544554455445546,0.49504950495049505,0.37142857142857144,0.45714285714285713,0.6666666666666666,101
mistral_medium,r3,baseline,baseline,other,0.49411764705882355,0.48996267012914746,0.48278806989883066,0.5764705882352941,0.6941176470588235,0.3333333333333333,0.3125,0.3888888888888889,85
mistral_medium,r3,persona,15,other,0.47058823529411764,0.45092036903749266,0.48213570634037817,0.5411764705882353,0.6352941176470588,0.1875,0.5625,0.2777777777777778,85
mistral_medium,r3,persona,35,other,0.5058823529411764,0.4867924528301886,0.5106132075471698,0.5529411764705883,0.6235294117647059,0.22916666666666666,0.4791666666666667,0.2777777777777778,85
mistral_medium,r3,persona,65,other,0.4470588235294118,0.41030256930358355,0.46108716475095785,0.5647058823529412,0.6588235294117647,0.1875,0.625,0.2222222222222222,85
mistral_medium,r3,persona,no_formal_education,other,0.5176470588235295,0.5176470588235295,0.5246913580246914,0.4470588235294118,0.5882352941176471,0.1875,0.4583333333333333,0.2222222222222222,85
mistral_medium,r3,persona,high_school_education,other,0.49411764705882355,0.4808739495798319,0.5020238095238095,0.5176470588235295,0.6352941176470588,0.22916666666666666,0.4791666666666667,0.2222222222222222,85
mistral_medium,r3,persona,higher_education,other,0.5176470588235295,0.5020575429010501,0.5212868892114175,0.5411764705882353,0.611764705882353,0.22916666666666666,0.4583333333333333,0.2777777777777778,85
mistral_medium,r3,persona,male,other,0.5294117647058824,0.5292938993779329,0.5348587920016491,0.4823529411764706,0.5764705882352941,0.1875,0.4583333333333333,0.2777777777777778,85
mistral_medium,r3,persona,female,other,0.49411764705882355,0.4641837208471732,0.4990487755515078,0.6,0.6235294117647059,0.20833333333333334,0.5416666666666666,0.3333333333333333,85
mistral_medium,r3,persona,not_lonely,other,0.5411764705882353,0.5476375564310232,0.5371811823320878,0.43529411764705883,0.5764705882352941,0.20833333333333334,0.375,0.2777777777777778,85
mistral_medium,r3,persona,somewhat_lonely,other,0.5294117647058824,0.5279931891345411,0.536830996532489,0.4588235294117647,0.5764705882352941,0.1875,0.4583333333333333,0.2222222222222222,85
mistral_medium,r3,persona,left-wing,other,0.4588235294117647,0.41568204868154157,0.4517480842911878,0.7529411764705882,0.7529411764705882,0.375,0.4166666666666667,0.4444444444444444,85
mistral_medium,r3,persona,right-wing,other,0.4823529411764706,0.5018287459179779,0.5029800528719058,0.29411764705882354,0.5764705882352941,0.0625,0.5625,0.2222222222222222,85
mistral_medium,r3,persona,centrist,other,0.5176470588235295,0.5256027554535017,0.5563075311700606,0.36470588235294116,0.5058823529411764,0.041666666666666664,0.6458333333333334,0.1111111111111111,85
mistral_medium,r3,persona,white,other,0.5294117647058824,0.5389951296764327,0.54167434999078,0.4,0.5411764705882353,0.125,0.5,0.2222222222222222,85
mistral_medium,r3,persona,black,other,0.4588235294117647,0.41967914438502674,0.46262626262626255,0.6235294117647059,0.6705882352941176,0.22916666666666666,0.5625,0.3333333333333333,85
mistral_medium,r3,persona,asian,other,0.49411764705882355,0.4740319657274675,0.5038126361655774,0.5411764705882353,0.611764705882353,0.1875,0.5416666666666666,0.2777777777777778,85
mistral_medium,r3,persona,christian,other,0.4235294117647059,0.37782285327924275,0.42911877394636017,0.6352941176470588,0.7058823529411765,0.22916666666666666,0.6041666666666666,0.3333333333333333,85
mistral_medium,r3,persona,muslim,other,0.4235294117647059,0.36739961932384657,0.4266307139188495,0.6705882352941176,0.6941176470588235,0.20833333333333334,0.6458333333333334,0.3888888888888889,85
mistral_medium,r3,persona,jewish,other,0.47058823529411764,0.42498657872536233,0.46870925684485004,0.6823529411764706,0.7058823529411765,0.3125,0.4791666666666667,0.3333333333333333,85
mistral_medium,r3,persona,atheist,other,0.5411764705882353,0.5454057469535128,0.5406990622335891,0.4588235294117647,0.5764705882352941,0.20833333333333334,0.3958333333333333,0.2777777777777778,85
mistral_medium,r3,persona,hindu,other,0.4823529411764706,0.44805420877387697,0.48898819375482727,0.6,0.6470588235294118,0.22916666666666666,0.5416666666666666,0.2777777777777778,85
mistral_medium,r3,baseline,baseline,none,0.3231292517006803,0.4350291734567479,0.2258275678016456,0.8979591836734694,0.9455782312925171,0.2958801498127341,0.39325842696629215,0.4444444444444444,294
mistral_medium,r3,persona,15,none,0.2755102040816326,0.36453550212486624,0.2256099183228244,0.8401360544217688,0.8809523809523809,0.17228464419475656,0.5842696629213483,0.2777777777777778,294
mistral_medium,r3,persona,35,none,0.27986348122866894,0.3695909071236494,0.2220701006246961,0.8703071672354948,0.9112627986348123,0.21052631578947367,0.5413533834586466,0.2777777777777778,293
mistral_medium,r3,persona,65,none,0.22837370242214533,0.29607764538678993,0.19507240270802492,0.8961937716262975,0.9377162629757786,0.183206106870229,0.6297709923664122,0.2222222222222222,289
mistral_medium,r3,persona,no_formal_education,none,0.3673469387755102,0.4742181169988657,0.28090530978231515,0.7074829931972789,0.7551020408163265,0.1348314606741573,0.5205992509363296,0.2222222222222222,294
mistral_medium,r3,persona,high_school_education,none,0.30952380952380953,0.4044457395596961,0.2538465163403313,0.7755102040816326,0.8163265306122449,0.13857677902621723,0.5842696629213483,0.2222222222222222,294
mistral_medium,r3,persona,higher_education,none,0.2891156462585034,0.3817478372700728,0.2294844270288464,0.8435374149659864,0.8843537414965986,0.19101123595505617,0.550561797752809,0.2777777777777778,294
mistral_medium,r3,persona,male,none,0.3435374149659864,0.4461570701729779,0.2690370056405193,0.7517006802721088,0.7857142857142857,0.14232209737827714,0.5430711610486891,0.2777777777777778,294
mistral_medium,r3,persona,female,none,0.2653061224489796,0.34509544885851506,0.2185277960887717,0.8945578231292517,0.9217687074829932,0.20599250936329588,0.5692883895131086,0.2777777777777778,294
mistral_medium,r3,persona,not_lonely,none,0.41836734693877553,0.5301901311541753,0.3068788767050217,0.6530612244897959,0.6938775510204082,0.12359550561797752,0.4756554307116105,0.2777777777777778,294
mistral_medium,r3,persona,somewhat_lonely,none,0.3299319727891156,0.43273818645903495,0.26554973601733245,0.7414965986394558,0.782312925170068,0.12359550561797752,0.5730337078651685,0.2777777777777778,294
mistral_medium,r3,persona,left-wing,none,0.22448979591836735,0.3013742955314184,0.18155398089082633,1.0748299319727892,1.08843537414966,0.3445692883895131,0.46441947565543074,0.5555555555555556,294
mistral_medium,r3,persona,right-wing,none,0.3401360544217687,0.43854429560092106,0.26734595607835043,0.7687074829931972,0.8163265306122449,0.17228464419475656,0.5168539325842697,0.16666666666666666,294
mistral_medium,r3,persona,centrist,none,0.2891156462585034,0.3782199681651336,0.27946285870091747,0.7142857142857143,0.7619047619047619,0.056179775280898875,0.6928838951310862,0.1111111111111111,294
mistral_medium,r3,persona,white,none,0.38095238095238093,0.48759676525042694,0.29212493475032814,0.6938775510204082,0.7346938775510204,0.12734082397003746,0.5168539325842697,0.2222222222222222,294
mistral_medium,r3,persona,black,none,0.29591836734693877,0.3935305296207552,0.22325686009896537,0.8979591836734694,0.9387755102040817,0.25842696629213485,0.47191011235955055,0.3333333333333333,294
mistral_medium,r3,persona,asian,none,0.32653061224489793,0.4231461400010428,0.2511133673727462,0.8367346938775511,0.8639455782312925,0.20973782771535582,0.49812734082397003,0.2777777777777778,294
mistral_medium,r3,persona,christian,none,0.19727891156462585,0.2554294490249777,0.17519247921257972,0.95578231292517,0.9965986394557823,0.21348314606741572,0.6292134831460674,0.2777777777777778,294
mistral_medium,r3,persona,muslim,none,0.2585034013605442,0.3367153254908357,0.21014319014319013,0.9489795918367347,0.9693877551020408,0.250936329588015,0.5318352059925093,0.3333333333333333,294
mistral_medium,r3,persona,jewish,none,0.2857142857142857,0.37598920302065786,0.22095650696568128,0.9863945578231292,1.0136054421768708,0.3295880149812734,0.41947565543071164,0.3333333333333333,294
mistral_medium,r3,persona,atheist,none,0.42517006802721086,0.536874130293695,0.30576771744665093,0.6598639455782312,0.7006802721088435,0.13857677902621723,0.45318352059925093,0.2777777777777778,294
mistral_medium,r3,persona,hindu,none,0.25510204081632654,0.33119149425148325,0.2110342491850472,0.9183673469387755,0.9455782312925171,0.2209737827715356,0.5655430711610487,0.2777777777777778,294
mistral_medium,r3,baseline,baseline,all,0.482,0.47857502293004256,0.46371054411369594,0.62,0.704,0.3089700996677741,0.38205980066445183,0.4,500
mistral_medium,r3,persona,15,all,0.442,0.43980706709308964,0.4454256141435282,0.576,0.664,0.1760797342192691,0.584717607973422,0.37333333333333335,500
mistral_medium,r3,persona,35,all,0.4529058116232465,0.446485919738852,0.448810106556563,0.5971943887775552,0.6733466933867736,0.21,0.54,0.38666666666666666,499
mistral_medium,r3,persona,65,all,0.40606060606060607,0.3918474014248662,0.4129968895257401,0.604040404040404,0.705050505050505,0.1858108108108108,0.6283783783783784,0.37333333333333335,495
mistral_medium,r3,persona,no_formal_education,all,0.496,0.5186986846074862,0.49777142460069296,0.454,0.59,0.14285714285714285,0.5116279069767442,0.28,500
mistral_medium,r3,persona,high_school_education,all,0.464,0.474161152101712,0.47222387117241454,0.516,0.62,0.13953488372093023,0.584717607973422,0.32,500
mistral_medium,r3,persona,higher_education,all,0.454,0.45282788434806787,0.4487754345552511,0.592,0.66,0.1893687707641196,0.5514950166112956,0.44,500
mistral_medium,r3,persona,male,all,0.49,0.5046082583135963,0.49192456247437094,0.5,0.596,0.14285714285714285,0.5415282392026578,0.3333333333333333,500
mistral_medium,r3,persona,female,all,0.436,0.42221243800251723,0.4313543308997306,0.636,0.688,0.2059800664451827,0.574750830564784,0.4533333333333333,500
mistral_medium,r3,persona,not_lonely,all,0.534,0.5595132308055534,0.5268841018270608,0.428,0.544,0.12956810631229235,0.4717607973421927,0.30666666666666664,500
mistral_medium,r3,persona,somewhat_lonely,all,0.48,0.4948421128826418,0.4886380674612436,0.49,0.598,0.12956810631229235,0.5714285714285714,0.29333333333333333,500
mistral_medium,r3,persona,left-wing,all,0.416,0.37839706131447187,0.39254040912395083,0.778,0.794,0.3488372093023256,0.46511627906976744,0.5733333333333334,500
mistral_medium,r3,persona,right-wing,all,0.472,0.48819535381639967,0.4724324700394405,0.476,0.64,0.17275747508305647,0.5083056478405316,0.29333333333333333,500
mistral_medium,r3,persona,centrist,all,0.43,0.4557538127348847,0.46256240133757526,0.436,0.604,0.05647840531561462,0.6943521594684385,0.22666666666666666,500
mistral_medium,r3,persona,white,all,0.508,0.5311895416227608,0.5070907973305233,0.46,0.568,0.12624584717607973,0.5182724252491694,0.3333333333333333,500
mistral_medium,r3,persona,black,all,0.462,0.45016969696969694,0.4481962481962482,0.64,0.692,0.2558139534883721,0.4850498338870432,0.44,500
mistral_medium,r3,persona,asian,all,0.48,0.4797534500547978,0.47139284650702945,0.584,0.644,0.2059800664451827,0.5049833887043189,0.41333333333333333,500
mistral_medium,r3,persona,christian,all,0.394,0.3682569421359395,0.39058671729371813,0.672,0.736,0.2159468438538206,0.6179401993355482,0.48,500
mistral_medium,r3,persona,muslim,all,0.436,0.411402352310012,0.4265654445215832,0.68,0.712,0.24584717607973422,0.5481727574750831,0.4666666666666667,500
mistral_medium,r3,persona,jewish,all,0.462,0.4388205909432181,0.4447036917862583,0.7,0.736,0.3289036544850498,0.42524916943521596,0.44,500
mistral_medium,r3,persona,atheist,all,0.544,0.5661115347155548,0.5320231350534695,0.442,0.546,0.14950166112956811,0.4418604651162791,0.32,500
mistral_medium,r3,persona,hindu,all,0.44,0.4191184247927645,0.4378614664267739,0.642,0.694,0.22259136212624583,0.5681063122923588,0.38666666666666666,500
qwen3_32b,r1,baseline,baseline,gender,0.4788732394366197,0.46237736205772173,0.4829127443401702,0.45774647887323944,0.5985915492957746,0.1746031746031746,0.5396825396825397,0.3958333333333333,142
qwen3_32b,r1,persona,15,gender,0.4647887323943662,0.40301081213540224,0.45756734364853674,0.4084507042253521,0.5774647887323944,0.09523809523809523,0.7936507936507936,0.16666666666666666,142
qwen3_32b,r1,persona,35,gender,0.4225352112676056,0.3658521585239165,0.4095349191586403,0.49295774647887325,0.647887323943662,0.15873015873015872,0.7301587301587301,0.3125,142
qwen3_32b,r1,persona,65,gender,0.44366197183098594,0.3844503200365341,0.4293370313185032,0.4154929577464789,0.5985915492957746,0.09523809523809523,0.7936507936507936,0.20833333333333334,142
qwen3_32b,r1,persona,no_formal_education,gender,0.43661971830985913,0.3871968109737347,0.4171126780505763,0.2887323943661972,0.6267605633802817,0.12698412698412698,0.7301587301587301,0.0625,142
qwen3_32b,r1,persona,high_school_education,gender,0.45774647887323944,0.42842331768388103,0.45092592592592595,0.39436619718309857,0.6197183098591549,0.1746031746031746,0.6190476190476191,0.22916666666666666,142
qwen3_32b,r1,persona,higher_education,gender,0.44366197183098594,0.39685269511807686,0.44090225563909774,0.45774647887323944,0.5985915492957746,0.09523809523809523,0.7619047619047619,0.3125,142
qwen3_32b,r1,persona,male,gender,0.4788732394366197,0.43533164728537044,0.47579131729392876,0.45774647887323944,0.5704225352112676,0.1111111111111111,0.7142857142857143,0.2916666666666667,142
qwen3_32b,r1,persona,female,gender,0.4295774647887324,0.3574235761476855,0.4132550456079868,0.5070422535211268,0.6197183098591549,0.1111111111111111,0.8095238095238095,0.3125,142
qwen3_32b,r1,persona,not_lonely,gender,0.4788732394366197,0.4650171298058623,0.48708708708708714,0.3380281690140845,0.5915492957746479,0.15873015873015872,0.5555555555555556,0.22916666666666666,142
qwen3_32b,r1,persona,somewhat_lonely,gender,0.43661971830985913,0.39725040806367473,0.4251692552767821,0.3028169014084507,0.5704225352112676,0.015873015873015872,0.8253968253968254,0.16666666666666666,142
qwen3_32b,r1,persona,left-wing,gender,0.4154929577464789,0.3620409294781616,0.40376245811028416,0.4647887323943662,0.6338028169014085,0.1111111111111111,0.7777777777777778,0.3125,142
qwen3_32b,r1,persona,right-wing,gender,0.4859154929577465,0.46954420949166037,0.4855480393717908,0.3732394366197183,0.5845070422535211,0.14285714285714285,0.5873015873015873,0.2708333333333333,142
qwen3_32b,r1,persona,centrist,gender,0.44366197183098594,0.42850147348144974,0.43951392947594004,0.3028169014084507,0.5704225352112676,0.031746031746031744,0.7301587301587301,0.25,142
qwen3_32b,r1,persona,white,gender,0.4859154929577465,0.45764710394733477,0.4970103014798921,0.38028169014084506,0.5492957746478874,0.06349206349206349,0.7142857142857143,0.2708333333333333,142
qwen3_32b,r1,persona,black,gender,0.3873239436619718,0.3243340307922925,0.37405413015169114,0.5352112676056338,0.6619718309859155,0.1111111111111111,0.8095238095238095,0.4166666666666667,142
qwen3_32b,r1,persona,asian,gender,0.47183098591549294,0.4186697394423312,0.46327926466612596,0.4295774647887324,0.5845070422535211,0.12698412698412698,0.7301587301587301,0.20833333333333334,142
qwen3_32b,r1,persona,christian,gender,0.4647887323943662,0.41897312285345184,0.45227442207307983,0.34507042253521125,0.5704225352112676,0.07936507936507936,0.7619047619047619,0.14583333333333334,142
qwen3_32b,r1,persona,muslim,gender,0.4154929577464789,0.37201210895134873,0.4123757670037162,0.3591549295774648,0.6126760563380281,0.06349206349206349,0.8095238095238095,0.20833333333333334,142
qwen3_32b,r1,persona,jewish,gender,0.4507042253521127,0.40690560480151566,0.4485605634142269,0.47183098591549294,0.5985915492957746,0.1111111111111111,0.7301587301587301,0.3333333333333333,142
qwen3_32b,r1,persona,atheist,gender,0.45774647887323944,0.4443684726663084,0.4598533805850879,0.38028169014084506,0.5915492957746479,0.1111111111111111,0.6349206349206349,0.3125,142
qwen3_32b,r1,persona,hindu,gender,0.4788732394366197,0.44723950797058193,0.47765461016087446,0.3591549295774648,0.5704225352112676,0.1111111111111111,0.6825396825396826,0.1875,142
qwen3_32b,r1,baseline,baseline,race_ethnicity,0.5906432748538012,0.5561792758844397,0.46173966255791593,0.34502923976608185,0.5321637426900585,0.37254901960784315,0.47058823529411764,0.48148148148148145,171
qwen3_32b,r1,persona,15,race_ethnicity,0.47953216374269003,0.454255863425936,0.37184725984256856,0.2046783625730994,0.6023391812865497,0.2549019607843137,0.7058823529411765,0.25925925925925924,171
qwen3_32b,r1,persona,35,race_ethnicity,0.45614035087719296,0.4311071339696759,0.32027819993245527,0.30409356725146197,0.6432748538011696,0.3137254901960784,0.6470588235294118,0.5925925925925926,171
qwen3_32b,r1,persona,65,race_ethnicity,0.4853801169590643,0.4908700341402199,0.4031786311470875,0.1695906432748538,0.5672514619883041,0.1568627450980392,0.7254901960784313,0.37037037037037035,171
qwen3_32b,r1,persona,no_formal_education,race_ethnicity,0.4152046783625731,0.44459051300738306,0.3991458960465583,0.005847953216374269,0.6608187134502924,0.19607843137254902,0.5686274509803921,0.2962962962962963,171
qwen3_32b,r1,persona,high_school_education,race_ethnicity,0.49707602339181284,0.5012240278114641,0.4320122887864823,0.1695906432748538,0.6023391812865497,0.3137254901960784,0.5098039215686274,0.2962962962962963,171
qwen3_32b,r1,persona,higher_education,race_ethnicity,0.49122807017543857,0.4846638362171617,0.3977739636968846,0.23391812865497075,0.5964912280701754,0.27450980392156865,0.6078431372549019,0.4444444444444444,171
qwen3_32b,r1,persona,male,race_ethnicity,0.5146198830409356,0.49406156587482,0.39343458313557983,0.30409356725146197,0.5964912280701754,0.35294117647058826,0.5294117647058824,0.5185185185185185,171
qwen3_32b,r1,persona,female,race_ethnicity,0.5380116959064327,0.4939504791849321,0.4056501160591616,0.3216374269005848,0.5789473684210527,0.37254901960784315,0.5686274509803921,0.37037037037037035,171
qwen3_32b,r1,persona,not_lonely,race_ethnicity,0.5029239766081871,0.5216147113890987,0.4387058248370524,0.1286549707602339,0.5730994152046783,0.21568627450980393,0.5686274509803921,0.3333333333333333,171
qwen3_32b,r1,persona,somewhat_lonely,race_ethnicity,0.40350877192982454,0.421398840324643,0.37312296400957656,0.029239766081871343,0.6608187134502924,0.19607843137254902,0.6470588235294118,0.2222222222222222,171
qwen3_32b,r1,persona,left-wing,race_ethnicity,0.5380116959064327,0.512376661738909,0.4316670128596119,0.28654970760233917,0.5789473684210527,0.37254901960784315,0.5098039215686274,0.37037037037037035,171
qwen3_32b,r1,persona,right-wing,race_ethnicity,0.4853801169590643,0.49679454863211664,0.42440932311621965,0.10526315789473684,0.6432748538011696,0.23529411764705882,0.5490196078431373,0.4444444444444444,171
qwen3_32b,r1,persona,centrist,race_ethnicity,0.39766081871345027,0.4146539085019391,0.3476114556688508,0.06432748538011696,0.6374269005847953,0.11764705882352941,0.7843137254901961,0.2962962962962963,171
qwen3_32b,r1,persona,white,race_ethnicity,0.4678362573099415,0.4527933308448426,0.35295508274231685,0.2573099415204678,0.6432748538011696,0.3137254901960784,0.6078431372549019,0.5185185185185185,171
qwen3_32b,r1,persona,black,race_ethnicity,0.49707602339181284,0.46917641325536064,0.3634259259259259,0.3157894736842105,0.5847953216374269,0.27450980392156865,0.6666666666666666,0.5555555555555556,171
qwen3_32b,r1,persona,asian,race_ethnicity,0.5672514619883041,0.5351994161975396,0.45637615544236937,0.2982456140350877,0.543859649122807,0.37254901960784315,0.5098039215686274,0.2962962962962963,171
qwen3_32b,r1,persona,christian,race_ethnicity,0.43859649122807015,0.44437762593783997,0.3599597326986754,0.13450292397660818,0.6140350877192983,0.1568627450980392,0.7647058823529411,0.3333333333333333,171
qwen3_32b,r1,persona,muslim,race_ethnicity,0.47953216374269003,0.47162708569242134,0.38325474015129185,0.2222222222222222,0.6081871345029239,0.27450980392156865,0.6274509803921569,0.4074074074074074,171
qwen3_32b,r1,persona,jewish,race_ethnicity,0.52046783625731,0.4834434571276676,0.3715728715728715,0.3391812865497076,0.5730994152046783,0.29411764705882354,0.6470588235294118,0.5555555555555556,171
qwen3_32b,r1,persona,atheist,race_ethnicity,0.47953216374269003,0.47659270903002926,0.38766083578607335,0.2222222222222222,0.6081871345029239,0.27450980392156865,0.6078431372549019,0.4444444444444444,171
qwen3_32b,r1,persona,hindu,race_ethnicity,0.4444444444444444,0.4719383296746992,0.4000654570744779,0.11695906432748537,0.6198830409356725,0.21568627450980393,0.5882352941176471,0.4074074074074074,171
qwen3_32b,r1,baseline,baseline,religion,0.6336633663366337,0.6497174492876701,0.529540551852925,0.2079207920792079,0.48514851485148514,0.3142857142857143,0.3142857142857143,0.2222222222222222,101
qwen3_32b,r1,persona,15,religion,0.504950495049505,0.5399464474749361,0.42417889587700913,0.19801980198019803,0.5742574257425742,0.22857142857142856,0.5714285714285714,0.3333333333333333,101
qwen3_32b,r1,persona,35,religion,0.5742574257425742,0.5988848108413326,0.4615330321852061,0.2376237623762376,0.49504950495049505,0.17142857142857143,0.6,0.4444444444444444,101
qwen3_32b,r1,persona,65,religion,0.39603960396039606,0.4594805822045619,0.35157479804463115,0.09900990099009901,0.6534653465346535,0.14285714285714285,0.6857142857142857,0.4444444444444444,101
qwen3_32b,r1,persona,no_formal_education,religion,0.42574257425742573,0.4714589757142439,0.3755819465262564,0.0891089108910891,0.6831683168316832,0.2571428571428571,0.5428571428571428,0.2222222222222222,101
qwen3_32b,r1,persona,high_school_education,religion,0.43564356435643564,0.5033528261145992,0.40382767658170216,0.04950495049504951,0.6039603960396039,0.11428571428571428,0.6571428571428571,0.2222222222222222,101
qwen3_32b,r1,persona,higher_education,religion,0.5445544554455446,0.5780917151990472,0.44660367318174626,0.22772277227722773,0.5247524752475248,0.2,0.5714285714285714,0.4444444444444444,101
qwen3_32b,r1,persona,male,religion,0.5445544554455446,0.5727359329640215,0.4462177635912246,0.2079207920792079,0.5247524752475248,0.17142857142857143,0.6285714285714286,0.3333333333333333,101
qwen3_32b,r1,persona,female,religion,0.5346534653465347,0.5475391017362605,0.42866344605475043,0.2871287128712871,0.5841584158415841,0.34285714285714286,0.45714285714285713,0.4444444444444444,101
qwen3_32b,r1,persona,not_lonely,religion,0.5247524752475248,0.5970110816603869,0.45258103241296516,0.06930693069306931,0.5247524752475248,0.11428571428571428,0.5142857142857142,0.4444444444444444,101
qwen3_32b,r1,persona,somewhat_lonely,religion,0.3564356435643564,0.42962046204620463,0.3527777777777778,-0.0594059405940594,0.6534653465346535,0.02857142857142857,0.7714285714285715,0.1111111111111111,101
qwen3_32b,r1,persona,left-wing,religion,0.5544554455445545,0.5852461516687193,0.46091174169689214,0.21782178217821782,0.5148514851485149,0.2,0.5714285714285714,0.3333333333333333,101
qwen3_32b,r1,persona,right-wing,religion,0.39603960396039606,0.4705428282263085,0.3756124216239245,-0.1188118811881188,0.693069306930693,0.08571428571428572,0.6,0.2222222222222222,101
qwen3_32b,r1,persona,centrist,religion,0.38613861386138615,0.4588601484700732,0.3888949190154009,-0.0594059405940594,0.6534653465346535,0.11428571428571428,0.6,0.1111111111111111,101
qwen3_32b,r1,persona,white,religion,0.48514851485148514,0.5419105160087683,0.4177136874167142,0.10891089108910891,0.6039603960396039,0.2,0.5142857142857142,0.4444444444444444,101
qwen3_32b,r1,persona,black,religion,0.5544554455445545,0.5941807809303069,0.45135948327437686,0.22772277227722773,0.504950495049505,0.17142857142857143,0.5714285714285714,0.5555555555555556,101
qwen3_32b,r1,persona,asian,religion,0.5445544554455446,0.5745574557455745,0.4383838383838384,0.2376237623762376,0.5148514851485149,0.17142857142857143,0.6285714285714286,0.4444444444444444,101
qwen3_32b,r1,persona,christian,religion,0.46534653465346537,0.5360252213745965,0.42899969641772917,0.06930693069306931,0.5841584158415841,0.14285714285714285,0.5714285714285714,0.3333333333333333,101
qwen3_32b,r1,persona,muslim,religion,0.5247524752475248,0.5724879249882108,0.4289514163071062,0.18811881188118812,0.5247524752475248,0.14285714285714285,0.6285714285714286,0.4444444444444444,101
qwen3_32b,r1,persona,jewish,religion,0.5148514851485149,0.5392404969715489,0.40198274431723907,0.26732673267326734,0.5643564356435643,0.22857142857142856,0.6,0.5555555555555556,101
qwen3_32b,r1,persona,atheist,religion,0.5544554455445545,0.6086829815056978,0.5177717879604672,0.06930693069306931,0.5247524752475248,0.22857142857142856,0.37142857142857144,0.1111111111111111,101
qwen3_32b,r1,persona,hindu,religion,0.4752475247524752,0.5314183743955792,0.43192574459404326,0.07920792079207921,0.5742574257425742,0.14285714285714285,0.6285714285714286,0.1111111111111111,101
qwen3_32b,r1,baseline,baseline,other,0.5176470588235295,0.5161040853305437,0.5202180586429554,0.4470588235294118,0.6352941176470588,0.2708333333333333,0.375,0.1111111111111111,85
qwen3_32b,r1,persona,15,other,0.43529411764705883,0.4270066512790396,0.45426254282094836,0.43529411764705883,0.6235294117647059,0.10416666666666667,0.6666666666666666,0.16666666666666666,85
qwen3_32b,r1,persona,35,other,0.5058823529411764,0.4768363945148252,0.5193882181741808,0.5176470588235295,0.611764705882353,0.20833333333333334,0.5416666666666666,0.1111111111111111,85
qwen3_32b,r1,persona,65,other,0.38823529411764707,0.38360740563120765,0.4062432954301652,0.36470588235294116,0.6470588235294118,0.0625,0.7291666666666666,0.1111111111111111,85
qwen3_32b,r1,persona,no_formal_education,other,0.4470588235294118,0.467844768934027,0.46127843306909605,0.29411764705882354,0.6,0.0625,0.6041666666666666,0.16666666666666666,85
qwen3_32b,r1,persona,high_school_education,other,0.49411764705882355,0.4994652406417112,0.5061137692716641,0.35294117647058826,0.5882352941176471,0.14583333333333334,0.5208333333333334,0.05555555555555555,85
qwen3_32b,r1,persona,higher_education,other,0.47058823529411764,0.46094274268847324,0.4847584912101041,0.47058823529411764,0.6352941176470588,0.1875,0.5416666666666666,0.16666666666666666,85
qwen3_32b,r1,persona,male,other,0.49411764705882355,0.4816924664602683,0.5001949317738791,0.5294117647058824,0.6470588235294118,0.25,0.4583333333333333,0.2222222222222222,85
qwen3_32b,r1,persona,female,other,0.4588235294117647,0.4270442318947478,0.4693562309754214,0.5411764705882353,0.6588235294117647,0.20833333333333334,0.5833333333333334,0.16666666666666666,85
qwen3_32b,r1,persona,not_lonely,other,0.49411764705882355,0.5068322981366461,0.5123436610850799,0.3176470588235294,0.5764705882352941,0.125,0.5208333333333334,0.05555555555555555,85
qwen3_32b,r1,persona,somewhat_lonely,other,0.4235294117647059,0.4227854822117574,0.4406379814349454,0.35294117647058826,0.6352941176470588,0.10416666666666667,0.6458333333333334,0.05555555555555555,85
qwen3_32b,r1,persona,left-wing,other,0.43529411764705883,0.4182645906940048,0.4476792322770211,0.47058823529411764,0.6823529411764706,0.20833333333333334,0.5625,0.1111111111111111,85
qwen3_32b,r1,persona,right-wing,other,0.4235294117647059,0.44447619499048613,0.41804058000673633,0.2235294117647059,0.6705882352941176,0.125,0.5,0.1111111111111111,85
qwen3_32b,r1,persona,centrist,other,0.4470588235294118,0.4543761484937956,0.47472147472147475,0.32941176470588235,0.5882352941176471,0.0625,0.6666666666666666,0.05555555555555555,85
qwen3_32b,r1,persona,white,other,0.4588235294117647,0.4702139037433155,0.4765151515151515,0.3764705882352941,0.611764705882353,0.125,0.5625,0.16666666666666666,85
qwen3_32b,r1,persona,black,other,0.4235294117647059,0.4096671476962718,0.44175292121766646,0.5294117647058824,0.6470588235294118,0.125,0.6666666666666666,0.3333333333333333,85
qwen3_32b,r1,persona,asian,other,0.47058823529411764,0.4646431521610862,0.4903623928014172,0.4235294117647059,0.611764705882353,0.14583333333333334,0.5833333333333334,0.1111111111111111,85
qwen3_32b,r1,persona,christian,other,0.4,0.4060931899641577,0.39904420549581837,0.3764705882352941,0.6823529411764706,0.14583333333333334,0.5833333333333334,0.16666666666666666,85
qwen3_32b,r1,persona,muslim,other,0.49411764705882355,0.4796684897868065,0.5260910815939279,0.4235294117647059,0.5647058823529412,0.10416666666666667,0.6458333333333334,0.05555555555555555,85
qwen3_32b,r1,persona,jewish,other,0.4235294117647059,0.41011068943706513,0.4318100358422939,0.5411764705882353,0.7058823529411765,0.22916666666666666,0.5416666666666666,0.2777777777777778,85
qwen3_32b,r1,persona,atheist,other,0.5058823529411764,0.5013024278447521,0.5097901195462171,0.38823529411764707,0.6235294117647059,0.22916666666666666,0.4375,0.0,85
qwen3_32b,r1,persona,hindu,other,0.4470588235294118,0.43523405758699873,0.4700700700700701,0.4,0.611764705882353,0.10416666666666667,0.6666666666666666,0.05555555555555555,85
qwen3_32b,r1,baseline,baseline,none,0.4013605442176871,0.5103671306531903,0.28493995449212006,0.7278911564625851,0.7755102040816326,0.1947565543071161,0.4232209737827715,0.2222222222222222,294
qwen3_32b,r1,persona,15,none,0.2857142857142857,0.3797620490912065,0.22785792865000787,0.782312925170068,0.8231292517006803,0.1198501872659176,0.6254681647940075,0.2777777777777778,294
qwen3_32b,r1,persona,35,none,0.2925170068027211,0.3762986569367476,0.23851773794006284,0.8095238095238095,0.8503401360544217,0.15730337078651685,0.5917602996254682,0.1111111111111111,294
qwen3_32b,r1,persona,65,none,0.2619047619047619,0.3497449061049844,0.24218794903726407,0.7653061224489796,0.8061224489795918,0.0749063670411985,0.6966292134831461,0.2777777777777778,294
qwen3_32b,r1,persona,no_formal_education,none,0.3333333333333333,0.43585056437918285,0.23159746501071043,0.7006802721088435,0.782312925170068,0.12734082397003746,0.5617977528089888,0.0,294
qwen3_32b,r1,persona,high_school_education,none,0.35374149659863946,0.454048212721304,0.26131627617913755,0.7414965986394558,0.7891156462585034,0.15730337078651685,0.5205992509363296,0.1111111111111111,294
qwen3_32b,r1,persona,higher_education,none,0.30272108843537415,0.39976642285987074,0.23141186299081032,0.7857142857142857,0.8333333333333334,0.149812734082397,0.5767790262172284,0.2222222222222222,294
qwen3_32b,r1,persona,male,none,0.30612244897959184,0.4067504306313473,0.2384348366357362,0.7789115646258503,0.826530612244898,0.14606741573033707,0.5730337078651685,0.2777777777777778,294
qwen3_32b,r1,persona,female,none,0.2925170068027211,0.3672605889626849,0.24971449895461126,0.8333333333333334,0.8537414965986394,0.16104868913857678,0.599250936329588,0.1111111111111111,294
qwen3_32b,r1,persona,not_lonely,none,0.3945578231292517,0.5030481878354559,0.2976047042063546,0.6394557823129252,0.7006802721088435,0.10486891385767791,0.5205992509363296,0.1111111111111111,294
qwen3_32b,r1,persona,somewhat_lonely,none,0.23469387755102042,0.303602545533654,0.20795979300143988,0.7857142857142857,0.8333333333333334,0.0749063670411985,0.7340823970037453,0.1111111111111111,294
qwen3_32b,r1,persona,left-wing,none,0.2585034013605442,0.3206454971535081,0.23618978171890395,0.8435374149659864,0.8707482993197279,0.14232209737827714,0.6554307116104869,0.05555555555555555,294
qwen3_32b,r1,persona,right-wing,none,0.35034013605442177,0.4617189285358755,0.24125432730974827,0.6768707482993197,0.7721088435374149,0.12734082397003746,0.5318352059925093,0.16666666666666666,294
qwen3_32b,r1,persona,centrist,none,0.3435374149659864,0.44680906260809417,0.28596986817325803,0.6326530612244898,0.6938775510204082,0.04119850187265917,0.6441947565543071,0.05555555555555555,294
qwen3_32b,r1,persona,white,none,0.3843537414965986,0.49100882803509666,0.28700649083331925,0.6836734693877551,0.7312925170068028,0.12734082397003746,0.5131086142322098,0.16666666666666666,294
qwen3_32b,r1,persona,black,none,0.22789115646258504,0.31097815473898455,0.18948225516621742,0.8571428571428571,0.891156462585034,0.13108614232209737,0.6704119850187266,0.4444444444444444,294
qwen3_32b,r1,persona,asian,none,0.2789115646258503,0.3585354037703427,0.22923697154782988,0.7925170068027211,0.8401360544217688,0.13108614232209737,0.6329588014981273,0.05555555555555555,294
qwen3_32b,r1,persona,christian,none,0.2925170068027211,0.3784249585001465,0.25374800637958533,0.7653061224489796,0.7993197278911565,0.10112359550561797,0.6479400749063671,0.16666666666666666,294
qwen3_32b,r1,persona,muslim,none,0.29591836734693877,0.3809451929546121,0.258359162205316,0.7482993197278912,0.7959183673469388,0.10112359550561797,0.6441947565543071,0.05555555555555555,294
qwen3_32b,r1,persona,jewish,none,0.2755102040816326,0.35916592630920113,0.2324299875805577,0.8401360544217688,0.8673469387755102,0.15730337078651685,0.6067415730337079,0.2777777777777778,294
qwen3_32b,r1,persona,atheist,none,0.35714285714285715,0.4581109366823653,0.2660552514485099,0.7210884353741497,0.7687074829931972,0.13857677902621723,0.5355805243445693,0.1111111111111111,294
qwen3_32b,r1,persona,hindu,none,0.3333333333333333,0.4216612558738939,0.26993853149896113,0.7210884353741497,0.7619047619047619,0.10486891385767791,0.6067415730337079,0.0,294
qwen3_32b,r1,baseline,baseline,all,0.518,0.5369428069216343,0.5052979051350387,0.464,0.6,0.1893687707641196,0.42524916943521596,0.32,500
qwen3_32b,r1,persona,15,all,0.416,0.43386603509914085,0.4361357895124122,0.452,0.66,0.12292358803986711,0.627906976744186,0.2,500
qwen3_32b,r1,persona,35,all,0.424,0.43438074842130503,0.4365722503816201,0.512,0.672,0.15282392026578073,0.6013289036544851,0.30666666666666664,500
qwen3_32b,r1,persona,65,all,0.386,0.4118754061487256,0.41478952439344835,0.424,0.66,0.07308970099667775,0.6976744186046512,0.22666666666666666,500
qwen3_32b,r1,persona,no_formal_education,all,0.402,0.43402751721484395,0.4101665981168708,0.348,0.684,0.12624584717607973,0.5714285714285714,0.13333333333333333,500
qwen3_32b,r1,persona,high_school_education,all,0.444,0.47505001480929077,0.45068156470871407,0.404,0.648,0.14950166112956811,0.5249169435215947,0.2,500
qwen3_32b,r1,persona,higher_education,all,0.428,0.4494538325556125,0.4408089099552281,0.474,0.658,0.13953488372093023,0.5880398671096345,0.29333333333333333,500
qwen3_32b,r1,persona,male,all,0.446,0.4610411292411292,0.45537137759359975,0.5,0.648,0.15282392026578073,0.5714285714285714,0.30666666666666664,500
qwen3_32b,r1,persona,female,all,0.428,0.4307683991178519,0.4417060472308368,0.528,0.672,0.16279069767441862,0.6046511627906976,0.26666666666666666,500
qwen3_32b,r1,persona,not_lonely,all,0.478,0.51993752785038,0.4804050188824554,0.336,0.592,0.10963455149501661,0.5016611295681063,0.2,500
qwen3_32b,r1,persona,somewhat_lonely,all,0.342,0.36052240804068536,0.3661174915449541,0.388,0.704,0.07308970099667775,0.7275747508305648,0.13333333333333333,500
qwen3_32b,r1,persona,left-wing,all,0.408,0.407353601883829,0.4277206281952026,0.526,0.678,0.13953488372093023,0.6578073089700996,0.25333333333333335,500
qwen3_32b,r1,persona,right-wing,all,0.43,0.4653958335542626,0.43310875258924336,0.346,0.67,0.12624584717607973,0.53156146179402,0.24,500
qwen3_32b,r1,persona,centrist,all,0.418,0.46697597256724466,0.4351255353626599,0.308,0.608,0.04318936877076412,0.6312292358803987,0.17333333333333334,500
qwen3_32b,r1,persona,white,all,0.468,0.5035243830546927,0.4700186328366232,0.386,0.618,0.12956810631229235,0.5083056478405316,0.26666666666666666,500
qwen3_32b,r1,persona,black,all,0.392,0.3986541645523517,0.40918872016780905,0.546,0.686,0.12956810631229235,0.6677740863787376,0.38666666666666666,500
qwen3_32b,r1,persona,asian,all,0.438,0.4452072829131652,0.45778244631185805,0.496,0.64,0.12956810631229235,0.6312292358803987,0.21333333333333335,500
qwen3_32b,r1,persona,christian,all,0.402,0.4272189191587541,0.42420208832490314,0.416,0.66,0.09966777408637874,0.6478405315614618,0.18666666666666668,500
qwen3_32b,r1,persona,muslim,all,0.418,0.44354742716285606,0.441874624110597,0.43,0.642,0.09634551495016612,0.6445182724252492,0.21333333333333335,500
qwen3_32b,r1,persona,jewish,all,0.424,0.4321898296414592,0.43375091452158143,0.536,0.676,0.16279069767441862,0.5946843853820598,0.3466666666666667,500
qwen3_32b,r1,persona,atheist,all,0.466,0.49807860283140865,0.4720655285437522,0.41,0.618,0.1362126245847176,0.521594684385382,0.24,500
qwen3_32b,r1,persona,hindu,all,0.418,0.45223864311099615,0.4353941814513722,0.382,0.642,0.09966777408637874,0.6079734219269103,0.17333333333333334,500
qwen3_32b,r2,baseline,baseline,gender,0.528169014084507,0.5160385858073154,0.5331179908693503,0.4154929577464789,0.5422535211267606,0.15873015873015872,0.5079365079365079,0.3333333333333333,142
qwen3_32b,r2,persona,15,gender,0.47183098591549294,0.44000804306938746,0.4665528257262876,0.3873239436619718,0.5985915492957746,0.15873015873015872,0.6349206349206349,0.20833333333333334,142
qwen3_32b,r2,persona,35,gender,0.44366197183098594,0.4078800844813259,0.4358753883498581,0.43661971830985913,0.6197183098591549,0.14285714285714285,0.6825396825396826,0.2916666666666667,142
qwen3_32b,r2,persona,65,gender,0.4014084507042254,0.35732363164365016,0.3881986904937725,0.352112676056338,0.6338028169014085,0.07936507936507936,0.7936507936507936,0.20833333333333334,142
qwen3_32b,r2,persona,no_formal_education,gender,0.4295774647887324,0.41424913115053963,0.4212121212121212,0.22535211267605634,0.6197183098591549,0.09523809523809523,0.6507936507936508,0.14583333333333334,142
qwen3_32b,r2,persona,high_school_education,gender,0.4647887323943662,0.43246751352886903,0.46773211733182607,0.3732394366197183,0.5704225352112676,0.07936507936507936,0.7301587301587301,0.22916666666666666,142
qwen3_32b,r2,persona,higher_education,gender,0.4014084507042254,0.3416953105576581,0.3878615236138352,0.528169014084507,0.6690140845070423,0.15873015873015872,0.746031746031746,0.375,142
qwen3_32b,r2,persona,male,gender,0.45774647887323944,0.4373788512763908,0.46402772224443556,0.43661971830985913,0.5915492957746479,0.1111111111111111,0.6507936507936508,0.375,142
qwen3_32b,r2,persona,female,gender,0.4507042253521127,0.3997961452928095,0.4404057017543859,0.4788732394366197,0.6338028169014085,0.19047619047619047,0.6666666666666666,0.2708333333333333,142
qwen3_32b,r2,persona,not_lonely,gender,0.5070422535211268,0.4868563455700737,0.518637513015023,0.33098591549295775,0.5140845070422535,0.047619047619047616,0.6984126984126984,0.20833333333333334,142
qwen3_32b,r2,persona,somewhat_lonely,gender,0.4014084507042254,0.32809992126836357,0.3732188591988885,0.4014084507042254,0.6267605633802817,0.06349206349206349,0.873015873015873,0.20833333333333334,142
qwen3_32b,r2,persona,left-wing,gender,0.47183098591549294,0.42820926366577955,0.4649822037352543,0.4859154929577465,0.5985915492957746,0.15873015873015872,0.6666666666666666,0.3125,142
qwen3_32b,r2,persona,right-wing,gender,0.5,0.47601851776663767,0.5062533016560038,0.31690140845070425,0.528169014084507,0.06349206349206349,0.6984126984126984,0.16666666666666666,142
qwen3_32b,r2,persona,centrist,gender,0.49295774647887325,0.463325746683022,0.4987702528218585,0.2605633802816901,0.5140845070422535,0.015873015873015872,0.7777777777777778,0.08333333333333333,142
qwen3_32b,r2,persona,white,gender,0.4859154929577465,0.47748825597414196,0.49555358554517515,0.3591549295774648,0.5563380281690141,0.09523809523809523,0.6031746031746031,0.3125,142
qwen3_32b,r2,persona,black,gender,0.43661971830985913,0.39581968555519165,0.4304263565891473,0.4859154929577465,0.6267605633802817,0.14285714285714285,0.6984126984126984,0.3541666666666667,142
qwen3_32b,r2,persona,asian,gender,0.47183098591549294,0.4231466816899057,0.4634504373355317,0.45774647887323944,0.5985915492957746,0.15873015873015872,0.6825396825396826,0.25,142
qwen3_32b,r2,persona,christian,gender,0.47183098591549294,0.4247588902768333,0.4646083699018287,0.4154929577464789,0.5845070422535211,0.12698412698412698,0.7142857142857143,0.20833333333333334,142
qwen3_32b,r2,persona,muslim,gender,0.4647887323943662,0.4236620952211008,0.45201833007615067,0.38028169014084506,0.5915492957746479,0.12698412698412698,0.6984126984126984,0.1875,142
qwen3_32b,r2,persona,jewish,gender,0.45774647887323944,0.41848166253357305,0.45121144976948874,0.4154929577464789,0.6126760563380281,0.15873015873015872,0.6666666666666666,0.22916666666666666,142
qwen3_32b,r2,persona,atheist,gender,0.5070422535211268,0.4892156768361365,0.5158806106174527,0.31690140845070425,0.528169014084507,0.07936507936507936,0.6507936507936508,0.1875,142
qwen3_32b,r2,persona,hindu,gender,0.4295774647887324,0.3930947248321548,0.42393531722025374,0.3591549295774648,0.5985915492957746,0.06349206349206349,0.7777777777777778,0.22916666666666666,142
qwen3_32b,r2,baseline,baseline,race_ethnicity,0.5730994152046783,0.5561823737382868,0.46226330637186014,0.3216374269005848,0.5555555555555556,0.39215686274509803,0.37254901960784315,0.5925925925925926,171
qwen3_32b,r2,persona,15,race_ethnicity,0.47368421052631576,0.47314325791801315,0.4113625466775392,0.14035087719298245,0.6198830409356725,0.29411764705882354,0.5686274509803921,0.2222222222222222,171
qwen3_32b,r2,persona,35,race_ethnicity,0.52046783625731,0.5140191521973771,0.42961783770848294,0.2222222222222222,0.5614035087719298,0.2549019607843137,0.6078431372549019,0.37037037037037035,171
qwen3_32b,r2,persona,65,race_ethnicity,0.40350877192982454,0.4199601292854497,0.35915834784701867,0.04093567251461988,0.6491228070175439,0.1568627450980392,0.7254901960784313,0.2222222222222222,171
qwen3_32b,r2,persona,no_formal_education,race_ethnicity,0.3508771929824561,0.3866348758254889,0.3281234806096855,-0.05263157894736842,0.7309941520467836,0.13725490196078433,0.6862745098039216,0.3333333333333333,171
qwen3_32b,r2,persona,high_school_education,race_ethnicity,0.47368421052631576,0.48967576599155554,0.41559416559416557,0.12280701754385964,0.6023391812865497,0.23529411764705882,0.5882352941176471,0.2962962962962963,171
qwen3_32b,r2,persona,higher_education,race_ethnicity,0.543859649122807,0.5087135224812489,0.4057905958927169,0.3508771929824561,0.5614035087719298,0.3333333333333333,0.5686274509803921,0.5555555555555556,171
qwen3_32b,r2,persona,male,race_ethnicity,0.47953216374269003,0.466789781471222,0.352046783625731,0.28654970760233917,0.5906432748538012,0.23529411764705882,0.6862745098039216,0.5925925925925926,171
qwen3_32b,r2,persona,female,race_ethnicity,0.5321637426900585,0.5053922719454235,0.4206413071194164,0.30994152046783624,0.5906432748538012,0.39215686274509803,0.49019607843137253,0.4444444444444444,171
qwen3_32b,r2,persona,not_lonely,race_ethnicity,0.47368421052631576,0.4832443533774082,0.40878558376401347,0.15204678362573099,0.6081871345029239,0.23529411764705882,0.6078431372549019,0.37037037037037035,171
qwen3_32b,r2,persona,somewhat_lonely,race_ethnicity,0.4269005847953216,0.43410777592950717,0.3576465270901539,0.1111111111111111,0.6140350877192983,0.13725490196078433,0.7843137254901961,0.2962962962962963,171
qwen3_32b,r2,persona,left-wing,race_ethnicity,0.543859649122807,0.5338576429125382,0.428463332764408,0.2631578947368421,0.52046783625731,0.19607843137254902,0.6666666666666666,0.48148148148148145,171
qwen3_32b,r2,persona,right-wing,race_ethnicity,0.47953216374269003,0.496246421775197,0.43105285161359924,0.06432748538011696,0.6257309941520468,0.23529411764705882,0.5490196078431373,0.25925925925925924,171
qwen3_32b,r2,persona,centrist,race_ethnicity,0.4853801169590643,0.5122065785378479,0.4372626828509181,0.07602339181286549,0.5555555555555556,0.11764705882352941,0.6862745098039216,0.25925925925925924,171
qwen3_32b,r2,persona,white,race_ethnicity,0.5087719298245614,0.5006749395047526,0.4150602954204408,0.2046783625730994,0.5789473684210527,0.2549019607843137,0.6274509803921569,0.3333333333333333,171
qwen3_32b,r2,persona,black,race_ethnicity,0.5146198830409356,0.48854381084440773,0.39409807451044565,0.28654970760233917,0.5789473684210527,0.29411764705882354,0.6274509803921569,0.4444444444444444,171
qwen3_32b,r2,persona,asian,race_ethnicity,0.52046783625731,0.5094710133734924,0.407470245373767,0.26900584795321636,0.5497076023391813,0.21568627450980393,0.6666666666666666,0.5185185185185185,171
qwen3_32b,r2,persona,christian,race_ethnicity,0.4619883040935672,0.43911180770674635,0.35564795305208285,0.21637426900584794,0.6257309941520468,0.27450980392156865,0.6862745098039216,0.3333333333333333,171
qwen3_32b,r2,persona,muslim,race_ethnicity,0.4678362573099415,0.4862005796932436,0.4074735724507224,0.1286549707602339,0.5847953216374269,0.1568627450980392,0.6862745098039216,0.37037037037037035,171
qwen3_32b,r2,persona,jewish,race_ethnicity,0.49122807017543857,0.45198918567711344,0.34445664431123507,0.3684210526315789,0.6374269005847953,0.4117647058823529,0.5294117647058824,0.6296296296296297,171
qwen3_32b,r2,persona,atheist,race_ethnicity,0.5497076023391813,0.5533555095604179,0.4713576779026217,0.17543859649122806,0.5263157894736842,0.23529411764705882,0.5686274509803921,0.25925925925925924,171
qwen3_32b,r2,persona,hindu,race_ethnicity,0.4269005847953216,0.43884825962930746,0.3550684327021704,0.14035087719298245,0.631578947368421,0.19607843137254902,0.7058823529411765,0.37037037037037035,171
qwen3_32b,r2,baseline,baseline,religion,0.6435643564356436,0.6768344010085884,0.5548053158672627,0.16831683168316833,0.44554455445544555,0.22857142857142856,0.3142857142857143,0.4444444444444444,101
qwen3_32b,r2,persona,15,religion,0.504950495049505,0.556314095021362,0.43417735304527755,0.16831683168316833,0.5643564356435643,0.2,0.5428571428571428,0.4444444444444444,101
qwen3_32b,r2,persona,35,religion,0.4752475247524752,0.5273478421187379,0.39419146744728145,0.16831683168316833,0.5841584158415841,0.17142857142857143,0.6285714285714286,0.4444444444444444,101
qwen3_32b,r2,persona,65,religion,0.45544554455445546,0.5159011084478399,0.40671716318158774,0.0891089108910891,0.6039603960396039,0.17142857142857143,0.6,0.2222222222222222,101
qwen3_32b,r2,persona,no_formal_education,religion,0.38613861386138615,0.439473891288147,0.3567866604332242,0.0,0.7326732673267327,0.22857142857142856,0.5428571428571428,0.2222222222222222,101
qwen3_32b,r2,persona,high_school_education,religion,0.45544554455445546,0.49720114868629717,0.38759018759018765,0.18811881188118812,0.6435643564356436,0.2857142857142857,0.5142857142857142,0.4444444444444444,101
qwen3_32b,r2,persona,higher_education,religion,0.6039603960396039,0.6273291925465839,0.4932984635501798,0.2376237623762376,0.4752475247524752,0.22857142857142856,0.4857142857142857,0.3333333333333333,101
qwen3_32b,r2,persona,male,religion,0.5742574257425742,0.6017645180274209,0.479728277600618,0.22772277227722773,0.504950495049505,0.22857142857142856,0.5142857142857142,0.3333333333333333,101
qwen3_32b,r2,persona,female,religion,0.504950495049505,0.547020636129547,0.4261294261294261,0.1782178217821782,0.5544554455445545,0.17142857142857143,0.6285714285714286,0.3333333333333333,101
qwen3_32b,r2,persona,not_lonely,religion,0.5247524752475248,0.5936337977689172,0.47988939165409755,0.0297029702970297,0.5445544554455446,0.17142857142857143,0.4,0.3333333333333333,101
qwen3_32b,r2,persona,somewhat_lonely,religion,0.39603960396039606,0.4639968580079665,0.3598320378808184,0.0594059405940594,0.6336633663366337,0.08571428571428572,0.7428571428571429,0.3333333333333333,101
qwen3_32b,r2,persona,left-wing,religion,0.5148514851485149,0.5311865447276047,0.4009450627097686,0.26732673267326734,0.5643564356435643,0.22857142857142856,0.6285714285714286,0.4444444444444444,101
qwen3_32b,r2,persona,right-wing,religion,0.43564356435643564,0.522952295229523,0.42424242424242425,-0.039603960396039604,0.594059405940594,0.05714285714285714,0.6,0.3333333333333333,101
qwen3_32b,r2,persona,centrist,religion,0.45544554455445546,0.5404650590727136,0.4449130916269441,-0.039603960396039604,0.5544554455445545,0.02857142857142857,0.6571428571428571,0.1111111111111111,101
qwen3_32b,r2,persona,white,religion,0.504950495049505,0.5578734821003943,0.43281006501695113,0.12871287128712872,0.5643564356435643,0.14285714285714285,0.6,0.4444444444444444,101
qwen3_32b,r2,persona,black,religion,0.5544554455445545,0.5631011806083476,0.4125346901017577,0.3069306930693069,0.504950495049505,0.17142857142857143,0.6857142857142857,0.5555555555555556,101
qwen3_32b,r2,persona,asian,religion,0.5247524752475248,0.5609726005652764,0.42097161366213864,0.21782178217821782,0.5148514851485149,0.11428571428571428,0.7142857142857143,0.4444444444444444,101
qwen3_32b,r2,persona,christian,religion,0.5445544554455446,0.6059727674895148,0.4950612508059316,0.0891089108910891,0.504950495049505,0.14285714285714285,0.5142857142857142,0.2222222222222222,101
qwen3_32b,r2,persona,muslim,religion,0.46534653465346537,0.49436577713036417,0.37452493568998424,0.19801980198019803,0.594059405940594,0.17142857142857143,0.7142857142857143,0.3333333333333333,101
qwen3_32b,r2,persona,jewish,religion,0.5445544554455446,0.5636157015988542,0.4365984087648363,0.24752475247524752,0.5247524752475248,0.2,0.6285714285714286,0.3333333333333333,101
qwen3_32b,r2,persona,atheist,religion,0.5148514851485149,0.5596653783025362,0.45347593582887696,0.12871287128712872,0.5643564356435643,0.2,0.5428571428571428,0.2222222222222222,101
qwen3_32b,r2,persona,hindu,religion,0.40594059405940597,0.49608656517825706,0.37966622749231443,0.039603960396039604,0.6138613861386139,0.05714285714285714,0.6857142857142857,0.5555555555555556,101
qwen3_32b,r2,baseline,baseline,other,0.5529411764705883,0.5662438803946674,0.5517285531370039,0.36470588235294116,0.5529411764705883,0.1875,0.375,0.16666666666666666,85
qwen3_32b,r2,persona,15,other,0.4470588235294118,0.4110759574197379,0.4605142994472482,0.4823529411764706,0.6470588235294118,0.16666666666666666,0.6458333333333334,0.05555555555555555,85
qwen3_32b,r2,persona,35,other,0.4588235294117647,0.4325169419278397,0.4801441087365921,0.4823529411764706,0.6235294117647059,0.14583333333333334,0.6458333333333334,0.1111111111111111,85
qwen3_32b,r2,persona,65,other,0.3764705882352941,0.35358382587484755,0.4088915470494418,0.4,0.6588235294117647,0.0625,0.7916666666666666,0.05555555555555555,85
qwen3_32b,r2,persona,no_formal_education,other,0.4117647058823529,0.41768584356819655,0.41937321937321936,0.43529411764705883,0.6941176470588235,0.1875,0.5416666666666666,0.2222222222222222,85
qwen3_32b,r2,persona,high_school_education,other,0.4588235294117647,0.46631016042780754,0.4643308080808081,0.4,0.6352941176470588,0.16666666666666666,0.5208333333333334,0.16666666666666666,85
qwen3_32b,r2,persona,higher_education,other,0.4470588235294118,0.42941137110581934,0.4601278762871268,0.5529411764705883,0.6470588235294118,0.16666666666666666,0.6041666666666666,0.3333333333333333,85
qwen3_32b,r2,persona,male,other,0.5294117647058824,0.5212870789341378,0.5501424501424502,0.4470588235294118,0.5411764705882353,0.125,0.5625,0.16666666666666666,85
qwen3_32b,r2,persona,female,other,0.43529411764705883,0.40086607482613723,0.4503041263805483,0.49411764705882355,0.6823529411764706,0.20833333333333334,0.6041666666666666,0.05555555555555555,85
qwen3_32b,r2,persona,not_lonely,other,0.5411764705882353,0.5654015365093751,0.5304111203969494,0.2823529411764706,0.5411764705882353,0.14583333333333334,0.375,0.16666666666666666,85
qwen3_32b,r2,persona,somewhat_lonely,other,0.4470588235294118,0.444278327203639,0.4699950733795261,0.32941176470588235,0.5882352941176471,0.0625,0.6875,0.0,85
qwen3_32b,r2,persona,left-wing,other,0.4117647058823529,0.3842409842974497,0.4249963288429286,0.49411764705882355,0.7058823529411765,0.20833333333333334,0.6041666666666666,0.1111111111111111,85
qwen3_32b,r2,persona,right-wing,other,0.5058823529411764,0.5235271323130507,0.5229920690278747,0.25882352941176473,0.5411764705882353,0.08333333333333333,0.5416666666666666,0.0,85
qwen3_32b,r2,persona,centrist,other,0.47058823529411764,0.47833863275039745,0.4983108108108108,0.3058823529411765,0.5647058823529412,0.0625,0.6458333333333334,0.0,85
qwen3_32b,r2,persona,white,other,0.4470588235294118,0.4575553604526388,0.44665561083471533,0.3176470588235294,0.6470588235294118,0.14583333333333334,0.5208333333333334,0.1111111111111111,85
qwen3_32b,r2,persona,black,other,0.4470588235294118,0.43225063938618924,0.46461352657004834,0.5176470588235295,0.6352941176470588,0.14583333333333334,0.625,0.2777777777777778,85
qwen3_32b,r2,persona,asian,other,0.4117647058823529,0.39969620346957874,0.44439195927150577,0.4588235294117647,0.6235294117647059,0.0625,0.75,0.2222222222222222,85
qwen3_32b,r2,persona,christian,other,0.4235294117647059,0.4149121240499162,0.43938870377226547,0.4117647058823529,0.6470588235294118,0.125,0.6458333333333334,0.1111111111111111,85
qwen3_32b,r2,persona,muslim,other,0.4823529411764706,0.4930795847750865,0.5200163398692811,0.32941176470588235,0.5411764705882353,0.041666666666666664,0.6666666666666666,0.05555555555555555,85
qwen3_32b,r2,persona,jewish,other,0.3764705882352941,0.3541988239806225,0.39394256360192,0.5058823529411764,0.7176470588235294,0.16666666666666666,0.6666666666666666,0.2222222222222222,85
qwen3_32b,r2,persona,atheist,other,0.49411764705882355,0.49600267379679147,0.501199494949495,0.3764705882352941,0.611764705882353,0.1875,0.4791666666666667,0.05555555555555555,85
qwen3_32b,r2,persona,hindu,other,0.43529411764705883,0.4557770618128674,0.4396009787314135,0.3176470588235294,0.6235294117647059,0.10416666666666667,0.5625,0.16666666666666666,85
qwen3_32b,r2,baseline,baseline,none,0.40476190476190477,0.513741644795126,0.29351164663906976,0.7414965986394558,0.7687074829931972,0.19101123595505617,0.42696629213483145,0.3333333333333333,294
qwen3_32b,r2,persona,15,none,0.3333333333333333,0.42484816584419627,0.2636937926747498,0.7312925170068028,0.7721088435374149,0.11610486891385768,0.5917602996254682,0.05555555555555555,294
qwen3_32b,r2,persona,35,none,0.29591836734693877,0.3930212737464028,0.22042727296494147,0.7959183673469388,0.8367346938775511,0.14606741573033707,0.5880149812734082,0.2777777777777778,294
qwen3_32b,r2,persona,65,none,0.24829931972789115,0.3209300016753433,0.21690483429613863,0.7619047619047619,0.8231292517006803,0.07865168539325842,0.7153558052434457,0.0,294
qwen3_32b,r2,persona,no_formal_education,none,0.3197278911564626,0.421777643334359,0.23801345940880825,0.7108843537414966,0.7789115646258503,0.10486891385767791,0.599250936329588,0.16666666666666666,294
qwen3_32b,r2,persona,high_school_education,none,0.36394557823129253,0.46445318458875257,0.28171886214704805,0.717687074829932,0.7517006802721088,0.12734082397003746,0.5430711610486891,0.16666666666666666,294
qwen3_32b,r2,persona,higher_education,none,0.3129251700680272,0.4073784901954803,0.25886160215176474,0.7789115646258503,0.8061224489795918,0.13108614232209737,0.5917602996254682,0.2777777777777778,294
qwen3_32b,r2,persona,male,none,0.336734693877551,0.4403921170292808,0.2643802746194512,0.7482993197278912,0.7891156462585034,0.13857677902621723,0.550561797752809,0.2777777777777778,294
qwen3_32b,r2,persona,female,none,0.2687074829931973,0.3412501340053876,0.23078808924419916,0.8537414965986394,0.8877551020408163,0.17228464419475656,0.6067415730337079,0.1111111111111111,294
qwen3_32b,r2,persona,not_lonely,none,0.40476190476190477,0.5079279518055029,0.31257556257556257,0.6394557823129252,0.6870748299319728,0.10112359550561797,0.5243445692883895,0.05555555555555555,294
qwen3_32b,r2,persona,somewhat_lonely,none,0.22108843537414966,0.2811111469904417,0.24010196905766526,0.7891156462585034,0.8367346938775511,0.06367041198501873,0.7640449438202247,0.05555555555555555,294
qwen3_32b,r2,persona,left-wing,none,0.2755102040816326,0.3525433473926887,0.25117403016465234,0.7993197278911565,0.826530612244898,0.11235955056179775,0.6591760299625468,0.16666666666666666,294
qwen3_32b,r2,persona,right-wing,none,0.35374149659863946,0.4534599139462361,0.2713001398155594,0.6938775510204082,0.7482993197278912,0.11235955056179775,0.5655430711610487,0.05555555555555555,294
qwen3_32b,r2,persona,centrist,none,0.35034013605442177,0.45519964507542143,0.23789719372523474,0.6292517006802721,0.6972789115646258,0.052434456928838954,0.6217228464419475,0.05555555555555555,294
qwen3_32b,r2,persona,white,none,0.36394557823129253,0.4693322369854088,0.2573680219660983,0.6904761904761905,0.7585034013605442,0.13108614232209737,0.5280898876404494,0.1111111111111111,294
qwen3_32b,r2,persona,black,none,0.2585034013605442,0.33573382351539616,0.2266210712904797,0.8401360544217688,0.8741496598639455,0.14606741573033707,0.6367041198501873,0.2222222222222222,294
qwen3_32b,r2,persona,asian,none,0.2891156462585034,0.36602256297418323,0.2504727246561324,0.7857142857142857,0.8197278911564626,0.1198501872659176,0.6404494382022472,0.05555555555555555,294
qwen3_32b,r2,persona,christian,none,0.2789115646258503,0.35295513082827906,0.25050898545868033,0.782312925170068,0.8163265306122449,0.10486891385767791,0.6666666666666666,0.05555555555555555,294
qwen3_32b,r2,persona,muslim,none,0.30612244897959184,0.39403880831111915,0.2512514390869616,0.7414965986394558,0.7891156462585034,0.10486891385767791,0.6292134831460674,0.05555555555555555,294
qwen3_32b,r2,persona,jewish,none,0.282312925170068,0.3605898818220421,0.2418228748301973,0.8299319727891157,0.8571428571428571,0.15355805243445692,0.6104868913857678,0.16666666666666666,294
qwen3_32b,r2,persona,atheist,none,0.38095238095238093,0.4780805229893375,0.32171000788022064,0.6666666666666666,0.7006802721088435,0.0898876404494382,0.5692883895131086,0.05555555555555555,294
qwen3_32b,r2,persona,hindu,none,0.30952380952380953,0.399440529750087,0.2691843635041391,0.7312925170068028,0.7721088435374149,0.0898876404494382,0.6404494382022472,0.1111111111111111,294
qwen3_32b,r2,baseline,baseline,all,0.518,0.5416315789473685,0.5040289677682579,0.456,0.6,0.1893687707641196,0.4119601328903654,0.3466666666666667,500
qwen3_32b,r2,persona,15,all,0.43,0.45751069571601566,0.4457523518031901,0.412,0.644,0.11960132890365449,0.5913621262458472,0.18666666666666668,500
qwen3_32b,r2,persona,35,all,0.428,0.4497108554115758,0.44216688554112776,0.464,0.656,0.1362126245847176,0.5913621262458472,0.26666666666666666,500
qwen3_32b,r2,persona,65,all,0.362,0.38694398705578,0.3890010362415384,0.398,0.69,0.08305647840531562,0.6976744186046512,0.16,500
qwen3_32b,r2,persona,no_formal_education,all,0.376,0.4138242760616195,0.38332148139497974,0.322,0.706,0.10963455149501661,0.5913621262458472,0.17333333333333334,500
qwen3_32b,r2,persona,high_school_education,all,0.442,0.4763904432291529,0.4490091264284813,0.398,0.642,0.1362126245847176,0.5348837209302325,0.22666666666666666,500
qwen3_32b,r2,persona,higher_education,all,0.452,0.46739741672910895,0.4624018752690504,0.502,0.63,0.132890365448505,0.5913621262458472,0.3333333333333333,500
qwen3_32b,r2,persona,male,all,0.45,0.4768462911004477,0.4566700720661078,0.47,0.63,0.132890365448505,0.5614617940199336,0.3466666666666667,500
qwen3_32b,r2,persona,female,all,0.412,0.41306286795384484,0.4264308449275723,0.526,0.694,0.17275747508305647,0.6079734219269103,0.24,500
qwen3_32b,r2,persona,not_lonely,all,0.472,0.5134699394508946,0.478295864675474,0.348,0.592,0.09966777408637874,0.5282392026578073,0.21333333333333335,500
qwen3_32b,r2,persona,somewhat_lonely,all,0.348,0.3607539138552581,0.38237059600038004,0.432,0.688,0.059800664451827246,0.7674418604651163,0.17333333333333334,500
qwen3_32b,r2,persona,left-wing,all,0.416,0.42396313149765835,0.43549584260581703,0.512,0.66,0.12292358803986711,0.654485049833887,0.29333333333333333,500
qwen3_32b,r2,persona,right-wing,all,0.444,0.4782119782124954,0.4549701891437344,0.35,0.634,0.10963455149501661,0.5581395348837209,0.16,500
qwen3_32b,r2,persona,centrist,all,0.444,0.4880674776716969,0.46647674776716963,0.312,0.588,0.04983388704318937,0.6212624584717608,0.10666666666666667,500
qwen3_32b,r2,persona,white,all,0.48,0.5118178643749313,0.4844759157000435,0.406,0.602,0.12956810631229235,0.5149501661129569,0.25333333333333335,500
qwen3_32b,r2,persona,black,all,0.41,0.41425588884574027,0.42606169677177097,0.534,0.678,0.14285714285714285,0.6411960132890365,0.32,500
qwen3_32b,r2,persona,asian,all,0.426,0.43689510430038614,0.4484349640724885,0.49,0.642,0.10963455149501661,0.6578073089700996,0.25333333333333335,500
qwen3_32b,r2,persona,christian,all,0.402,0.4221712204007286,0.42520311099546076,0.44,0.664,0.10631229235880399,0.654485049833887,0.2,500
qwen3_32b,r2,persona,muslim,all,0.412,0.4367745567375887,0.4337027186761229,0.42,0.652,0.10299003322259136,0.6378737541528239,0.18666666666666668,500
qwen3_32b,r2,persona,jewish,all,0.42,0.4298738006989304,0.43354807205807955,0.516,0.672,0.14950166112956811,0.6112956810631229,0.30666666666666664,500
qwen3_32b,r2,persona,atheist,all,0.476,0.5108137248324184,0.4900651313795364,0.37,0.586,0.09634551495016612,0.5581395348837209,0.17333333333333334,500
qwen3_32b,r2,persona,hindu,all,0.396,0.43264477504981935,0.41645833811285,0.396,0.656,0.08637873754152824,0.6411960132890365,0.24,500
qwen3_32b,r3,baseline,baseline,gender,0.5074626865671642,0.4839348182995799,0.510585319528409,0.44776119402985076,0.5522388059701493,0.13793103448275862,0.5862068965517241,0.3695652173913043,134
qwen3_32b,r3,persona,15,gender,0.4507042253521127,0.40402044542565946,0.4452868192675457,0.38028169014084506,0.5915492957746479,0.09523809523809523,0.7619047619047619,0.1875,142
qwen3_32b,r3,persona,35,gender,0.44366197183098594,0.39928636474016516,0.43883620689655173,0.3732394366197183,0.5845070422535211,0.06349206349206349,0.7936507936507936,0.20833333333333334,142
qwen3_32b,r3,persona,65,gender,0.4014084507042254,0.35052875565127156,0.3849808712822411,0.38028169014084506,0.647887323943662,0.1111111111111111,0.7777777777777778,0.20833333333333334,142
qwen3_32b,r3,persona,no_formal_education,gender,0.4014084507042254,0.33890669348988883,0.3511033872697526,0.2535211267605634,0.6619718309859155,0.12698412698412698,0.746031746031746,0.041666666666666664,142
qwen3_32b,r3,persona,high_school_education,gender,0.45774647887323944,0.42778039093705783,0.44658407397432437,0.34507042253521125,0.5985915492957746,0.12698412698412698,0.6666666666666666,0.1875,142
qwen3_32b,r3,persona,higher_education,gender,0.4225352112676056,0.37320128165198585,0.4151179151179151,0.4788732394366197,0.6338028169014085,0.12698412698412698,0.746031746031746,0.3333333333333333,142
qwen3_32b,r3,persona,male,gender,0.47183098591549294,0.4278758973594654,0.467960023515579,0.4788732394366197,0.5915492957746479,0.14285714285714285,0.6825396825396826,0.3125,142
qwen3_32b,r3,persona,female,gender,0.4084507042253521,0.36052083247942207,0.4041088807240027,0.5140845070422535,0.6408450704225352,0.1111111111111111,0.7619047619047619,0.4166666666666667,142
qwen3_32b,r3,persona,not_lonely,gender,0.528169014084507,0.5010732846275514,0.5342925048807402,0.3380281690140845,0.5211267605633803,0.1111111111111111,0.6349206349206349,0.14583333333333334,142
qwen3_32b,r3,persona,somewhat_lonely,gender,0.44366197183098594,0.39988184138387367,0.42557792692020885,0.34507042253521125,0.5985915492957746,0.09523809523809523,0.746031746031746,0.16666666666666666,142
qwen3_32b,r3,persona,left-wing,gender,0.4647887323943662,0.41128993294486255,0.459927234927235,0.49295774647887325,0.5774647887323944,0.09523809523809523,0.7619047619047619,0.3333333333333333,142
qwen3_32b,r3,persona,right-wing,gender,0.47183098591549294,0.4562243502051983,0.4557904181927835,0.28169014084507044,0.6056338028169014,0.15873015873015872,0.5555555555555556,0.16666666666666666,142
qwen3_32b,r3,persona,centrist,gender,0.47183098591549294,0.45281545721393224,0.46539348884901305,0.2887323943661972,0.5704225352112676,0.09523809523809523,0.6507936507936508,0.16666666666666666,142
qwen3_32b,r3,persona,white,gender,0.4859154929577465,0.4738072637142433,0.4985143309918174,0.352112676056338,0.5492957746478874,0.07936507936507936,0.6349206349206349,0.2916666666666667,142
qwen3_32b,r3,persona,black,gender,0.4154929577464789,0.377044105744175,0.41255829780419945,0.49295774647887325,0.6619718309859155,0.1746031746031746,0.6666666666666666,0.375,142
qwen3_32b,r3,persona,asian,gender,0.5140845070422535,0.4672502952882907,0.5069968790899023,0.45774647887323944,0.5563380281690141,0.15873015873015872,0.6507936507936508,0.22916666666666666,142
qwen3_32b,r3,persona,christian,gender,0.4084507042253521,0.3567164843645646,0.39353705655075516,0.39436619718309857,0.6338028169014085,0.09523809523809523,0.7936507936507936,0.22916666666666666,142
qwen3_32b,r3,persona,muslim,gender,0.4647887323943662,0.4000438275657691,0.45185860444064835,0.45774647887323944,0.5845070422535211,0.1111111111111111,0.7777777777777778,0.22916666666666666,142
qwen3_32b,r3,persona,jewish,gender,0.45774647887323944,0.40448402869075817,0.4490596409723495,0.49295774647887325,0.6197183098591549,0.1746031746031746,0.6825396825396826,0.2916666666666667,142
qwen3_32b,r3,persona,atheist,gender,0.5140845070422535,0.49369234789946137,0.520741403579844,0.3873239436619718,0.528169014084507,0.09523809523809523,0.6349206349206349,0.2708333333333333,142
qwen3_32b,r3,persona,hindu,gender,0.47183098591549294,0.43214844623295323,0.46759259259259256,0.352112676056338,0.5633802816901409,0.07936507936507936,0.746031746031746,0.16666666666666666,142
qwen3_32b,r3,baseline,baseline,race_ethnicity,0.60625,0.5728612907088123,0.47729086845466157,0.35,0.525,0.41304347826086957,0.391304347826087,0.5384615384615384,160
qwen3_32b,r3,persona,15,race_ethnicity,0.47368421052631576,0.4512752656912452,0.3571875567501966,0.23976608187134502,0.6023391812865497,0.23529411764705882,0.7254901960784313,0.4074074074074074,171
qwen3_32b,r3,persona,35,race_ethnicity,0.5029239766081871,0.5018006391436113,0.4062892735595491,0.21637426900584794,0.5555555555555556,0.17647058823529413,0.7058823529411765,0.4444444444444444,171
qwen3_32b,r3,persona,65,race_ethnicity,0.43859649122807015,0.4419388489047932,0.3563746710805534,0.1695906432748538,0.6140350877192983,0.17647058823529413,0.7450980392156863,0.4074074074074074,171
qwen3_32b,r3,persona,no_formal_education,race_ethnicity,0.3742690058479532,0.3848228630183518,0.3364381650095936,-0.011695906432748537,0.7251461988304093,0.19607843137254902,0.6862745098039216,0.2222222222222222,171
qwen3_32b,r3,persona,high_school_education,race_ethnicity,0.4619883040935672,0.48673217221318393,0.41826425976875076,0.1111111111111111,0.6140350877192983,0.23529411764705882,0.5490196078431373,0.37037037037037035,171
qwen3_32b,r3,persona,higher_education,race_ethnicity,0.5146198830409356,0.4946082958084031,0.39358439654841093,0.30994152046783624,0.5906432748538012,0.3333333333333333,0.5490196078431373,0.5555555555555556,171
qwen3_32b,r3,persona,male,race_ethnicity,0.5263157894736842,0.5018678239390746,0.4089100670464952,0.30994152046783624,0.5906432748538012,0.37254901960784315,0.5098039215686274,0.48148148148148145,171
qwen3_32b,r3,persona,female,race_ethnicity,0.4444444444444444,0.41602774725600883,0.31593760836556944,0.3216374269005848,0.672514619883041,0.37254901960784315,0.5882352941176471,0.6296296296296297,171
qwen3_32b,r3,persona,not_lonely,race_ethnicity,0.4853801169590643,0.4898195981587573,0.4207808636651141,0.14035087719298245,0.6081871345029239,0.27450980392156865,0.5686274509803921,0.25925925925925924,171
qwen3_32b,r3,persona,somewhat_lonely,race_ethnicity,0.391812865497076,0.40377546430178,0.3398656898656898,0.0935672514619883,0.6666666666666666,0.19607843137254902,0.7058823529411765,0.3333333333333333,171
qwen3_32b,r3,persona,left-wing,race_ethnicity,0.5789473684210527,0.5614722311621518,0.45769207483199126,0.3216374269005848,0.49707602339181284,0.2549019607843137,0.5686274509803921,0.5555555555555556,171
qwen3_32b,r3,persona,right-wing,race_ethnicity,0.4853801169590643,0.50597741060289,0.4451328790222557,0.1111111111111111,0.6140350877192983,0.29411764705882354,0.45098039215686275,0.3333333333333333,171
qwen3_32b,r3,persona,centrist,race_ethnicity,0.4619883040935672,0.47954142305157044,0.40830816051771146,0.0935672514619883,0.5964912280701754,0.17647058823529413,0.6666666666666666,0.25925925925925924,171
qwen3_32b,r3,persona,white,race_ethnicity,0.5263157894736842,0.5241025009499904,0.42116697359664107,0.23391812865497075,0.5497076023391813,0.21568627450980393,0.6274509803921569,0.48148148148148145,171
qwen3_32b,r3,persona,black,race_ethnicity,0.49707602339181284,0.4941490312458568,0.39398432223598584,0.27485380116959063,0.5789473684210527,0.2549019607843137,0.6078431372549019,0.5925925925925926,171
qwen3_32b,r3,persona,asian,race_ethnicity,0.5614035087719298,0.5292429792429793,0.4292429792429793,0.3216374269005848,0.52046783625731,0.27450980392156865,0.6274509803921569,0.4444444444444444,171
qwen3_32b,r3,persona,christian,race_ethnicity,0.43859649122807015,0.43604573564087745,0.35750289596443446,0.1695906432748538,0.6374269005847953,0.23529411764705882,0.6862745098039216,0.37037037037037035,171
qwen3_32b,r3,persona,muslim,race_ethnicity,0.4502923976608187,0.4529985279088606,0.36741842564020843,0.1871345029239766,0.6198830409356725,0.21568627450980393,0.6862745098039216,0.4444444444444444,171
qwen3_32b,r3,persona,jewish,race_ethnicity,0.5263157894736842,0.4926012737647087,0.396641175588544,0.3157894736842105,0.5847953216374269,0.35294117647058826,0.5686274509803921,0.4444444444444444,171
qwen3_32b,r3,persona,atheist,race_ethnicity,0.4678362573099415,0.491828987673863,0.4105634456511649,0.14035087719298245,0.5964912280701754,0.19607843137254902,0.6078431372549019,0.4444444444444444,171
qwen3_32b,r3,persona,hindu,race_ethnicity,0.47953216374269003,0.49558883974724566,0.4327917215673505,0.07602339181286549,0.5789473684210527,0.17647058823529413,0.6470588235294118,0.18518518518518517,171
qwen3_32b,r3,baseline,baseline,religion,0.7032967032967034,0.7220060229264573,0.5905594178090763,0.1978021978021978,0.3956043956043956,0.25806451612903225,0.25806451612903225,0.42857142857142855,91
qwen3_32b,r3,persona,15,religion,0.5247524752475248,0.5477951472079955,0.4415985753195056,0.2376237623762376,0.594059405940594,0.34285714285714286,0.42857142857142855,0.3333333333333333,101
qwen3_32b,r3,persona,35,religion,0.5247524752475248,0.564193590692719,0.4269376249442694,0.22772277227722773,0.5445544554455446,0.2,0.5714285714285714,0.5555555555555556,101
qwen3_32b,r3,persona,65,religion,0.44554455445544555,0.5005246866150029,0.3928294498255987,0.09900990099009901,0.594059405940594,0.11428571428571428,0.7142857142857143,0.2222222222222222,101
qwen3_32b,r3,persona,no_formal_education,religion,0.38613861386138615,0.437303565559922,0.35014414835592955,0.0,0.7326732673267327,0.2,0.6,0.2222222222222222,101
qwen3_32b,r3,persona,high_school_education,religion,0.504950495049505,0.573418264514465,0.4563636032633996,0.09900990099009901,0.5544554455445545,0.17142857142857143,0.4857142857142857,0.4444444444444444,101
qwen3_32b,r3,persona,higher_education,religion,0.5643564356435643,0.6023326570683193,0.4839688613273519,0.1782178217821782,0.49504950495049505,0.17142857142857143,0.5714285714285714,0.2222222222222222,101
qwen3_32b,r3,persona,male,religion,0.5742574257425742,0.595117251882112,0.4710421526354233,0.24752475247524752,0.504950495049505,0.22857142857142856,0.5428571428571428,0.3333333333333333,101
qwen3_32b,r3,persona,female,religion,0.504950495049505,0.5309317525459797,0.4215264055665333,0.2079207920792079,0.6039603960396039,0.2857142857142857,0.5142857142857142,0.3333333333333333,101
qwen3_32b,r3,persona,not_lonely,religion,0.5742574257425742,0.6373876941024867,0.5228905146964447,0.0297029702970297,0.48514851485148514,0.14285714285714285,0.4,0.2222222222222222,101
qwen3_32b,r3,persona,somewhat_lonely,religion,0.37623762376237624,0.44009900990099005,0.33888888888888885,0.0594059405940594,0.6534653465346535,0.08571428571428572,0.7714285714285715,0.3333333333333333,101
qwen3_32b,r3,persona,left-wing,religion,0.5841584158415841,0.6197044483209383,0.47424093441792564,0.2376237623762376,0.4752475247524752,0.17142857142857143,0.5428571428571428,0.5555555555555556,101
qwen3_32b,r3,persona,right-wing,religion,0.46534653465346537,0.5305333572515639,0.45348028165094206,-0.12871287128712872,0.6237623762376238,0.11428571428571428,0.42857142857142855,0.2222222222222222,101
qwen3_32b,r3,persona,centrist,religion,0.43564356435643564,0.5069887853474694,0.40511267118654254,0.039603960396039604,0.594059405940594,0.08571428571428572,0.6857142857142857,0.2222222222222222,101
qwen3_32b,r3,persona,white,religion,0.6039603960396039,0.6459080690677762,0.5190552871712292,0.15841584158415842,0.45544554455445546,0.14285714285714285,0.5142857142857142,0.3333333333333333,101
qwen3_32b,r3,persona,black,religion,0.49504950495049505,0.5580913121470519,0.41760474792761987,0.15841584158415842,0.5346534653465347,0.08571428571428572,0.6857142857142857,0.5555555555555556,101
qwen3_32b,r3,persona,asian,religion,0.5742574257425742,0.5857306540202541,0.4433367625949496,0.2871287128712871,0.48514851485148514,0.17142857142857143,0.6571428571428571,0.4444444444444444,101
qwen3_32b,r3,persona,christian,religion,0.45544554455445546,0.5089729311914243,0.4044969468698283,0.10891089108910891,0.6237623762376238,0.22857142857142856,0.5428571428571428,0.2222222222222222,101
qwen3_32b,r3,persona,muslim,religion,0.49504950495049505,0.5365732914754889,0.4047038327526133,0.19801980198019803,0.5544554455445545,0.14285714285714285,0.6857142857142857,0.4444444444444444,101
qwen3_32b,r3,persona,jewish,religion,0.5247524752475248,0.5399209151684399,0.4065354398687732,0.24752475247524752,0.5247524752475248,0.14285714285714285,0.7428571428571429,0.3333333333333333,101
qwen3_32b,r3,persona,atheist,religion,0.5643564356435643,0.6358191668223426,0.5126145552560647,0.06930693069306931,0.46534653465346537,0.08571428571428572,0.5142857142857142,0.3333333333333333,101
qwen3_32b,r3,persona,hindu,religion,0.39603960396039606,0.4576094091717656,0.36328867514027247,0.04950495049504951,0.6435643564356436,0.11428571428571428,0.7142857142857143,0.2222222222222222,101
qwen3_32b,r3,baseline,baseline,other,0.5714285714285714,0.5733804885590599,0.5629960317460317,0.4675324675324675,0.5454545454545454,0.20930232558139536,0.3488372093023256,0.35294117647058826,77
qwen3_32b,r3,persona,15,other,0.49411764705882355,0.47882352941176476,0.5188109161793372,0.4235294117647059,0.5647058823529412,0.10416666666666667,0.6458333333333334,0.05555555555555555,85
qwen3_32b,r3,persona,35,other,0.49411764705882355,0.4993079584775086,0.5138351393188855,0.3764705882352941,0.5647058823529412,0.10416666666666667,0.5833333333333334,0.1111111111111111,85
qwen3_32b,r3,persona,65,other,0.4,0.36465560583207646,0.42378917378917375,0.4470588235294118,0.6588235294117647,0.10416666666666667,0.75,0.05555555555555555,85
qwen3_32b,r3,persona,no_formal_education,other,0.4,0.41038062283737026,0.39609133126934987,0.3764705882352941,0.7058823529411765,0.1875,0.5208333333333334,0.16666666666666666,85
qwen3_32b,r3,persona,high_school_education,other,0.4117647058823529,0.3978416502028764,0.43060069820633196,0.43529411764705883,0.6705882352941176,0.14583333333333334,0.6458333333333334,0.1111111111111111,85
qwen3_32b,r3,persona,higher_education,other,0.47058823529411764,0.4493048128342246,0.4909090909090909,0.49411764705882355,0.611764705882353,0.14583333333333334,0.625,0.16666666666666666,85
qwen3_32b,r3,persona,male,other,0.4823529411764706,0.4747709610159853,0.4921753789234991,0.5058823529411764,0.6235294117647059,0.1875,0.5208333333333334,0.2777777777777778,85
qwen3_32b,r3,persona,female,other,0.47058823529411764,0.4536622655633132,0.48369844466697426,0.5176470588235295,0.6352941176470588,0.1875,0.5625,0.2222222222222222,85
qwen3_32b,r3,persona,not_lonely,other,0.5411764705882353,0.5467228485322023,0.554427577482606,0.35294117647058826,0.5411764705882353,0.14583333333333334,0.4791666666666667,0.05555555555555555,85
qwen3_32b,r3,persona,somewhat_lonely,other,0.3764705882352941,0.3555679972098061,0.39662973942892804,0.4,0.6823529411764706,0.10416666666666667,0.7291666666666666,0.05555555555555555,85
qwen3_32b,r3,persona,left-wing,other,0.4588235294117647,0.4586099542456279,0.47744728389889685,0.4470588235294118,0.611764705882353,0.125,0.6041666666666666,0.2222222222222222,85
qwen3_32b,r3,persona,right-wing,other,0.49411764705882355,0.5146620417208652,0.4861588861588862,0.16470588235294117,0.5647058823529412,0.08333333333333333,0.4791666666666667,0.0,85
qwen3_32b,r3,persona,centrist,other,0.4588235294117647,0.47206048312742027,0.46475792406826893,0.24705882352941178,0.5764705882352941,0.0625,0.6041666666666666,0.0,85
qwen3_32b,r3,persona,white,other,0.5176470588235295,0.5247522889752916,0.54677011766564,0.36470588235294116,0.5294117647058824,0.08333333333333333,0.5833333333333334,0.1111111111111111,85
qwen3_32b,r3,persona,black,other,0.47058823529411764,0.46707206213318037,0.490172543135784,0.4588235294117647,0.6,0.125,0.6041666666666666,0.2222222222222222,85
qwen3_32b,r3,persona,asian,other,0.5058823529411764,0.4742764920976555,0.5259220078344794,0.5058823529411764,0.5764705882352941,0.14583333333333334,0.625,0.1111111111111111,85
qwen3_32b,r3,persona,christian,other,0.4588235294117647,0.4469646330725519,0.46157152154426123,0.38823529411764707,0.6470588235294118,0.1875,0.5416666666666666,0.0,85
qwen3_32b,r3,persona,muslim,other,0.4588235294117647,0.4499408441342639,0.48873822975517894,0.4117647058823529,0.5764705882352941,0.0625,0.7083333333333334,0.1111111111111111,85
qwen3_32b,r3,persona,jewish,other,0.4166666666666667,0.3853015514506198,0.43384152079804256,0.5476190476190477,0.6666666666666666,0.14893617021276595,0.6808510638297872,0.2777777777777778,84
qwen3_32b,r3,persona,atheist,other,0.5176470588235295,0.5229946524064171,0.5263157894736842,0.35294117647058826,0.5647058823529412,0.14583333333333334,0.5,0.05555555555555555,85
qwen3_32b,r3,persona,hindu,other,0.4,0.3894646457688888,0.40458005109644457,0.3411764705882353,0.6705882352941176,0.125,0.6458333333333334,0.0,85
qwen3_32b,r3,baseline,baseline,none,0.4318181818181818,0.5335753107215495,0.3176463481852297,0.7083333333333334,0.7310606060606061,0.1799163179916318,0.41841004184100417,0.2222222222222222,264
qwen3_32b,r3,persona,15,none,0.3197278911564626,0.405502830931262,0.27347891887600423,0.7653061224489796,0.7925170068027211,0.12359550561797752,0.602996254681648,0.1111111111111111,294
qwen3_32b,r3,persona,35,none,0.3129251700680272,0.40028508068835666,0.26184970018493264,0.7585034013605442,0.7925170068027211,0.11610486891385768,0.6142322097378277,0.1111111111111111,294
qwen3_32b,r3,persona,65,none,0.24149659863945577,0.3040809268533888,0.21828037140503564,0.8061224489795918,0.8537414965986394,0.10486891385767791,0.704119850187266,0.0,294
qwen3_32b,r3,persona,no_formal_education,none,0.2891156462585034,0.37666658500134753,0.23350673602774444,0.782312925170068,0.8231292517006803,0.12359550561797752,0.6254681647940075,0.16666666666666666,294
qwen3_32b,r3,persona,high_school_education,none,0.37755102040816324,0.4814129342026701,0.28014983388638864,0.6836734693877551,0.7312925170068028,0.1198501872659176,0.5318352059925093,0.1111111111111111,294
qwen3_32b,r3,persona,higher_education,none,0.2857142857142857,0.3721615013959331,0.23000112013970705,0.7925170068027211,0.8333333333333334,0.13108614232209737,0.6217228464419475,0.16666666666666666,294
qwen3_32b,r3,persona,male,none,0.3129251700680272,0.40434810552127826,0.24364233419465978,0.8027210884353742,0.8503401360544217,0.1797752808988764,0.5430711610486891,0.1111111111111111,294
qwen3_32b,r3,persona,female,none,0.25170068027210885,0.33047892290679065,0.20406046061218475,0.8537414965986394,0.8945578231292517,0.16104868913857678,0.6254681647940075,0.2222222222222222,294
qwen3_32b,r3,persona,not_lonely,none,0.41836734693877553,0.5166110222890999,0.32565284178187404,0.6530612244897959,0.6938775510204082,0.12359550561797752,0.4943820224719101,0.0,294
qwen3_32b,r3,persona,somewhat_lonely,none,0.24149659863945577,0.3117195411500862,0.19248553714218078,0.7891156462585034,0.8435374149659864,0.09363295880149813,0.7078651685393258,0.05555555555555555,294
qwen3_32b,r3,persona,left-wing,none,0.2857142857142857,0.36934966587231,0.2485061186723806,0.8027210884353742,0.8299319727891157,0.12734082397003746,0.6292134831460674,0.2222222222222222,294
qwen3_32b,r3,persona,right-wing,none,0.38095238095238093,0.48351190868836375,0.29445271036774806,0.6666666666666666,0.7210884353741497,0.11235955056179775,0.5355805243445693,0.05555555555555555,294
qwen3_32b,r3,persona,centrist,none,0.36394557823129253,0.46400889043689175,0.3069747136786243,0.6564625850340136,0.7040816326530612,0.0749063670411985,0.5955056179775281,0.05555555555555555,294
qwen3_32b,r3,persona,white,none,0.3945578231292517,0.5024300902349683,0.29538600514210267,0.6326530612244898,0.6870748299319728,0.0898876404494382,0.5393258426966292,0.1111111111111111,294
qwen3_32b,r3,persona,black,none,0.2789115646258503,0.36615292453174864,0.22653318791969326,0.8231292517006803,0.8639455782312925,0.15730337078651685,0.599250936329588,0.2222222222222222,294
qwen3_32b,r3,persona,asian,none,0.272108843537415,0.34347793723952874,0.24383404422784719,0.8231292517006803,0.8503401360544217,0.1348314606741573,0.6441947565543071,0.1111111111111111,294
qwen3_32b,r3,persona,christian,none,0.2687074829931973,0.3537997007526175,0.2330055388898483,0.7619047619047619,0.8095238095238095,0.08614232209737828,0.6816479400749064,0.16666666666666666,294
qwen3_32b,r3,persona,muslim,none,0.2687074829931973,0.3397849895179356,0.25191207837222857,0.7789115646258503,0.8129251700680272,0.0898876404494382,0.6928838951310862,0.05555555555555555,294
qwen3_32b,r3,persona,jewish,none,0.27303754266211605,0.34843096286492004,0.2447535375524802,0.8395904436860068,0.8600682593856656,0.14661654135338345,0.6278195488721805,0.2222222222222222,293
qwen3_32b,r3,persona,atheist,none,0.3843537414965986,0.4823521695329181,0.2937923431647141,0.6802721088435374,0.7142857142857143,0.10861423220973783,0.5468164794007491,0.05555555555555555,294
qwen3_32b,r3,persona,hindu,none,0.3299319727891156,0.4203872528317152,0.27246682746471274,0.7040816326530612,0.7517006802721088,0.0898876404494382,0.6217228464419475,0.0,294
qwen3_32b,r3,baseline,baseline,all,0.5436681222707423,0.5621649555388731,0.5269874899112187,0.4497816593886463,0.5633187772925764,0.17343173431734318,0.4132841328413284,0.36619718309859156,458
qwen3_32b,r3,persona,15,all,0.428,0.4454338915298185,0.4461052290406223,0.46,0.652,0.12956810631229235,0.6112956810631229,0.21333333333333335,500
qwen3_32b,r3,persona,35,all,0.436,0.4560323464382429,0.4557939242606834,0.454,0.634,0.11295681063122924,0.6212624584717608,0.22666666666666666,500
qwen3_32b,r3,persona,65,all,0.364,0.37980789843447116,0.3928356394053873,0.448,0.692,0.09302325581395349,0.7109634551495017,0.2,500
qwen3_32b,r3,persona,no_formal_education,all,0.358,0.37801275060817047,0.36633001188529385,0.356,0.74,0.12956810631229235,0.6212624584717608,0.12,500
qwen3_32b,r3,persona,high_school_education,all,0.452,0.4892539866128214,0.4601714831625375,0.372,0.62,0.11627906976744186,0.5415282392026578,0.2,500
qwen3_32b,r3,persona,higher_education,all,0.42,0.4366750767209898,0.43608724581496966,0.492,0.66,0.12956810631229235,0.6212624584717608,0.30666666666666664,500
qwen3_32b,r3,persona,male,all,0.446,0.4574743195247296,0.45412801620580084,0.506,0.658,0.16943521594684385,0.5581395348837209,0.28,500
qwen3_32b,r3,persona,female,all,0.376,0.38682996128171293,0.38934846161385267,0.538,0.722,0.15946843853820597,0.6312292358803987,0.38666666666666666,500
qwen3_32b,r3,persona,not_lonely,all,0.498,0.5350423497267759,0.5017287323753626,0.332,0.576,0.11627906976744186,0.4883720930232558,0.13333333333333333,500
qwen3_32b,r3,persona,somewhat_lonely,all,0.34,0.35614629660470803,0.36523158640853404,0.42,0.712,0.08637873754152824,0.7242524916943521,0.17333333333333334,500
qwen3_32b,r3,persona,left-wing,all,0.432,0.44072046138726817,0.44726765583801237,0.532,0.64,0.11960132890365449,0.6445182724252492,0.36,500
qwen3_32b,r3,persona,right-wing,all,0.45,0.4905309386808911,0.4537225727729515,0.322,0.626,0.10963455149501661,0.5249169435215947,0.17333333333333334,500
qwen3_32b,r3,persona,centrist,all,0.434,0.4770901673279282,0.4500019167002089,0.332,0.612,0.07308970099667775,0.5980066445182725,0.16,500
qwen3_32b,r3,persona,white,all,0.492,0.5295332019307895,0.5007145875798147,0.376,0.564,0.08637873754152824,0.5448504983388704,0.25333333333333335,500
qwen3_32b,r3,persona,black,all,0.4,0.4215779670993525,0.4117579024546403,0.504,0.688,0.1461794019933555,0.6046511627906976,0.37333333333333335,500
qwen3_32b,r3,persona,asian,all,0.444,0.44325164906824993,0.46234529021553666,0.53,0.634,0.12956810631229235,0.6445182724252492,0.25333333333333335,500
qwen3_32b,r3,persona,christian,all,0.394,0.41798125056267704,0.41835948771575054,0.43,0.666,0.09634551495016612,0.6644518272425249,0.21333333333333335,500
qwen3_32b,r3,persona,muslim,all,0.398,0.4155621291792031,0.4250152981362385,0.454,0.658,0.08970099667774087,0.6877076411960132,0.22666666666666666,500
qwen3_32b,r3,persona,jewish,all,0.41767068273092367,0.4193919353142819,0.4337921970430805,0.5281124497991968,0.6726907630522089,0.14715719063545152,0.6354515050167224,0.28,498
qwen3_32b,r3,persona,atheist,all,0.474,0.5134123342032819,0.48155999128129245,0.374,0.59,0.10299003322259136,0.5348837209302325,0.24,500
qwen3_32b,r3,persona,hindu,all,0.412,0.4432308210740732,0.43261255079675975,0.366,0.642,0.08637873754152824,0.6345514950166113,0.12,500
