model,persona_type,persona_id,subgroup,accuracy_mean,accuracy_std,f1_weighted_mean,f1_weighted_std,f1_macro_mean,f1_macro_std,mean_error_mean,mean_error_std,mean_absolute_error_mean,mean_absolute_error_std,hate_over_flagging_rate_mean,hate_over_flagging_rate_std,offensive_over_flagging_rate_mean,offensive_over_flagging_rate_std,offensive_to_hate_rate_mean,offensive_to_hate_rate_std,n_samples_mean,n_runs
gpt_oss_120b,baseline,baseline,gender,0.47887323943661975,0.00995925043924716,0.4532790210048791,0.010573586375055514,0.47379095146038613,0.009124822672517985,0.5704225352112676,0.0,0.6408450704225352,0.0,0.2698412698412698,0.022447834323382456,0.4444444444444444,0.038880789567986955,0.5,0.029462782549439508,142.0,3
gpt_oss_120b,persona,15,gender,0.48356807511737093,0.006639500292831449,0.4626028901146295,0.009130984731688205,0.47738580749796605,0.00666617868101432,0.5938967136150235,0.008783233302286236,0.6455399061032864,0.003319750146415712,0.291005291005291,0.01979712903054995,0.3968253968253968,0.03428963332490931,0.548611111111111,0.009820927516479845,142.0,3
gpt_oss_120b,persona,35,gender,0.45774647887323944,0.005749975922026232,0.43461216716723056,0.00811635928341714,0.4478130158861507,0.006325635676332882,0.6455399061032864,0.0184835865587132,0.7018779342723005,0.0184835865587132,0.35978835978835977,0.02993044576450995,0.3439153439153439,0.01979712903054995,0.5972222222222222,0.009820927516479793,142.0,3
gpt_oss_120b,persona,65,gender,0.46244131455399057,0.013279000585662847,0.4356275481381746,0.017594518861393082,0.454238075530315,0.014578764180273622,0.6220657276995305,0.020193251800569568,0.6737089201877934,0.014470455406030442,0.30687830687830686,0.01979712903054995,0.41798941798941797,0.03261594710565596,0.5625,0.017010345435994324,142.0,3
gpt_oss_120b,persona,no_formal_education,gender,0.5,0.01991850087849427,0.48379763795226677,0.018816146658244853,0.4950151975907487,0.02139659709907841,0.568075117370892,0.01756646660457247,0.6244131455399061,0.02393905874926192,0.2804232804232804,0.014965222882254972,0.37566137566137564,0.01979712903054995,0.5347222222222222,0.054680610236193146,142.0,3
gpt_oss_120b,persona,high_school_education,gender,0.4624413145539907,0.017566466604572496,0.43788917237802033,0.019750795805782203,0.4559318220888806,0.017175343037762688,0.6103286384976525,0.011969529374630986,0.6619718309859155,0.005749975922026232,0.2804232804232804,0.045514948502871036,0.43915343915343913,0.06523189421131194,0.5694444444444445,0.03540985773328321,142.0,3
gpt_oss_120b,persona,higher_education,gender,0.46713615023474175,0.008783233302286236,0.4454030916305838,0.011699780654694283,0.45876960520483373,0.008967713477080702,0.6220657276995305,0.0184835865587132,0.6784037558685446,0.01848358655871315,0.328042328042328,0.0395942580610999,0.36507936507936506,0.046728893472634106,0.5833333333333334,0.0,142.0,3
gpt_oss_120b,persona,male,gender,0.4436619718309858,0.00995925043924716,0.4174048507277514,0.012090226619569355,0.43376682045158904,0.011350004330811814,0.6314553990610329,0.023238251024910023,0.7018779342723005,0.029506584718254788,0.32275132275132273,0.045514948502871036,0.3968253968253968,0.02592052637865797,0.6041666666666666,0.01701034543599428,142.0,3
gpt_oss_120b,persona,female,gender,0.44835680751173707,0.026558001171325746,0.42427847465186486,0.03269697924935021,0.43716071341964796,0.028759139495395703,0.6525821596244131,0.029506584718254788,0.704225352112676,0.025063563971904502,0.3439153439153439,0.007482611441127487,0.35978835978835977,0.04166141732281382,0.6319444444444445,0.03540985773328321,142.0,3
gpt_oss_120b,persona,not_lonely,gender,0.47417840375586856,0.016598750732078584,0.4516759282794833,0.020449547485202026,0.46658870648499035,0.017869132435265726,0.6126760563380281,0.01724992776607874,0.6690140845070424,0.017249927766078695,0.32275132275132273,0.01979712903054995,0.37566137566137564,0.02697893922535865,0.5555555555555557,0.025983731852596812,142.0,3
gpt_oss_120b,persona,somewhat_lonely,gender,0.471830985915493,0.02299990368810495,0.4468315713086575,0.025949108510344727,0.4647525927130595,0.02431179177210115,0.607981220657277,0.008783233302286236,0.6596244131455399,0.014470455406030442,0.2962962962962963,0.01979712903054995,0.41798941798941797,0.03261594710565596,0.548611111111111,0.04280843057617344,142.0,3
gpt_oss_120b,persona,left-wing,gender,0.44835680751173707,0.023939058749261895,0.42576077421423825,0.029877396604888033,0.43495457802777676,0.025736616600519395,0.647887323943662,0.029877751317741404,0.7089201877934274,0.027173326062887866,0.3544973544973544,0.007482611441127487,0.32275132275132273,0.03261594710565596,0.6527777777777778,0.025983731852596812,142.0,3
gpt_oss_120b,persona,right-wing,gender,0.48826291079812206,0.021769057501163622,0.47086322981080425,0.029490322070078873,0.48313795292307987,0.024156615311189383,0.5492957746478874,0.04146366603909787,0.6431924882629109,0.023939058749261905,0.291005291005291,0.014965222882254972,0.3703703703703704,0.02993044576450995,0.5138888888888888,0.025983731852596798,142.0,3
gpt_oss_120b,persona,centrist,gender,0.47183098591549294,0.005749975922026232,0.45180075159124655,0.00578235442305858,0.4632689219547375,0.0075277543956914356,0.6150234741784039,0.021769057501163647,0.6713615023474179,0.023238251024909982,0.32275132275132273,0.0395942580610999,0.3544973544973545,0.05237828008789241,0.5902777777777778,0.04280843057617347,142.0,3
gpt_oss_120b,persona,white,gender,0.4553990610328638,0.025928077505134425,0.4295665595194049,0.029351510770792972,0.44730399144614896,0.026495866613769747,0.6244131455399061,0.003319750146415764,0.6807511737089201,0.011969529374630933,0.30687830687830686,0.03261594710565596,0.41798941798941797,0.0539578784507173,0.5763888888888888,0.03928371006591927,142.0,3
gpt_oss_120b,persona,black,gender,0.5,0.020731833019548934,0.48055488956906167,0.026446498111847464,0.4999876113011555,0.02292665217299053,0.5140845070422536,0.034975738088618175,0.57981220657277,0.038285226362206784,0.17989417989417988,0.045514948502871036,0.4973544973544974,0.045514948502871064,0.4930555555555556,0.009820927516479817,142.0,3
gpt_oss_120b,persona,asian,gender,0.46244131455399057,0.011969529374630933,0.4388143623932603,0.014378923098802376,0.4550372406440049,0.011930172352453904,0.6103286384976525,0.006639500292831424,0.6713615023474179,0.006639500292831424,0.30158730158730157,0.012960263189328984,0.4074074074074074,0.03261594710565596,0.5694444444444445,0.009820927516479843,142.0,3
gpt_oss_120b,persona,christian,gender,0.47183098591549294,0.005749975922026232,0.4503557109288388,0.008395286108602275,0.4642250140045254,0.005376281217267555,0.6056338028169014,0.005749975922026232,0.6619718309859155,0.005749975922026232,0.30158730158730157,0.022447834323382456,0.3862433862433862,0.0395942580610999,0.5763888888888888,0.019641855032959635,142.0,3
gpt_oss_120b,persona,muslim,gender,0.4507042253521127,0.005749975922026232,0.42321377575336977,0.005727050431906676,0.44305048206202,0.006514536281237737,0.5985915492957746,0.011499951844052465,0.6643192488262911,0.006639500292831424,0.25925925925925924,0.007482611441127486,0.4603174603174603,0.0,0.5833333333333334,0.02946278254943948,142.0,3
gpt_oss_120b,persona,jewish,gender,0.4953051643192488,0.025928077505134404,0.4784501516862416,0.028991003136343084,0.4904164040964651,0.026413743960312135,0.5516431924882629,0.021769057501163647,0.6220657276995305,0.025928077505134428,0.2645502645502645,0.007482611441127487,0.3862433862433862,0.03741305720563743,0.5347222222222222,0.025983731852596812,142.0,3
gpt_oss_120b,persona,atheist,gender,0.471830985915493,0.011499951844052487,0.45392032846590574,0.013571246949037375,0.46253604907466644,0.013550378520201505,0.6384976525821596,0.008783233302286236,0.6901408450704225,0.009959250439247135,0.3650793650793651,0.012960263189328984,0.3068783068783068,0.01979712903054995,0.6041666666666666,0.02946278254943948,142.0,3
gpt_oss_120b,persona,hindu,gender,0.47417840375586856,0.014470455406030466,0.4511344457413064,0.017547377230710374,0.468746808410531,0.014352162726851666,0.5845070422535211,0.017249927766078695,0.6455399061032864,0.011969529374630933,0.2698412698412698,0.02592052637865797,0.4338624338624338,0.04906676452643229,0.5416666666666666,0.01701034543599428,142.0,3
gpt_oss_120b,baseline,baseline,race_ethnicity,0.6296296296296297,0.0055135031671465695,0.5836006369125051,0.009902016535007921,0.4901211481453751,0.01606456335961006,0.42105263157894735,0.017215908121496776,0.5419103313840156,0.013783757917866396,0.5163398692810457,0.04029028760110442,0.24183006535947715,0.04029028760110443,0.6419753086419753,0.03491885339192827,171.0,3
gpt_oss_120b,persona,15,race_ethnicity,0.6432748538011696,0.009549667613189776,0.598631668675357,0.009958071346450362,0.5003097066570896,0.012585803208320964,0.4346978557504873,0.0027567515835732847,0.5126705653021442,0.012016401565241669,0.5032679738562091,0.009243225897863359,0.22222222222222224,0.018486451795726732,0.6790123456790123,0.01745942669596416,171.0,3
gpt_oss_120b,persona,35,race_ethnicity,0.6296296296296297,0.007293679116518423,0.5813186316896649,0.004544135787337657,0.4821391000070412,0.010722047435689492,0.45419103313840153,0.014587358233036809,0.5360623781676414,0.005513503167146569,0.5359477124183006,0.03332692492544304,0.2156862745098039,0.027729677693590093,0.7037037037037036,0.0302406141084343,171.0,3
gpt_oss_120b,persona,65,race_ethnicity,0.6315789473684211,0.004774833806594889,0.5817067629636822,0.008710781766642783,0.48457495993261634,0.01184618916234118,0.4561403508771929,0.012633022803913957,0.5341130604288499,0.007293679116518423,0.5359477124183006,0.009243225897863385,0.22875816993464052,0.009243225897863359,0.6790123456790124,0.01745942669596416,171.0,3
gpt_oss_120b,persona,no_formal_education,race_ethnicity,0.6257309941520468,0.01263302280391394,0.58471718362483,0.012418592658102794,0.4846842954501112,0.015626348370387226,0.41325536062378165,0.00993960918829003,0.5263157894736842,0.02081301803514877,0.4705882352941176,5.551115123125783e-17,0.27450980392156865,0.0,0.6790123456790124,0.03491885339192827,171.0,3
gpt_oss_120b,persona,high_school_education,race_ethnicity,0.6159844054580897,0.007293679116518423,0.5723962762854496,0.005213330240704149,0.4703999318523954,0.0024645798642994408,0.43859649122807015,0.009549667613189776,0.5399610136452243,0.014587358233036809,0.5098039215686274,0.016009736880935817,0.24836601307189543,0.024455277037738178,0.7037037037037037,0.0302406141084343,171.0,3
gpt_oss_120b,persona,higher_education,race_ethnicity,0.6140350877192983,0.014324501419784667,0.5610826648438937,0.013259783820882508,0.4591999000740377,0.020458484701631523,0.46588693957115,0.007293679116518404,0.5555555555555555,0.01263302280391394,0.5490196078431372,0.016009736880935793,0.24183006535947715,0.024455277037738185,0.7037037037037037,0.05237828008789243,171.0,3
gpt_oss_120b,persona,male,race_ethnicity,0.617933723196881,0.015348943224194571,0.5682547794009268,0.017142217643477772,0.4683483341045749,0.0168861346835122,0.4580896686159844,0.007293679116518404,0.5516569200779727,0.023553695854960165,0.5490196078431372,0.027729677693590107,0.22222222222222224,0.009243225897863359,0.7037037037037037,0.0,171.0,3
gpt_oss_120b,persona,female,race_ethnicity,0.6257309941520468,0.00827025475071988,0.5749526936744499,0.00357353012940054,0.4713244967726802,0.0015731032937243202,0.4678362573099415,0.017215908121496776,0.5380116959064328,0.012633022803913973,0.5424836601307189,0.024455277037738192,0.21568627450980393,0.0320194737618716,0.7283950617283951,0.01745942669596411,171.0,3
gpt_oss_120b,persona,not_lonely,race_ethnicity,0.631578947368421,0.009549667613189776,0.5862035805134117,0.007195766738364586,0.48794580691362044,0.01007835908375224,0.43664717348927873,0.00993960918829003,0.5224171539961014,0.009939609188290021,0.49673202614379086,0.009243225897863359,0.26143790849673204,0.009243225897863385,0.6666666666666666,0.0302406141084343,171.0,3
gpt_oss_120b,persona,somewhat_lonely,race_ethnicity,0.6198830409356725,0.004774833806594889,0.572909922089615,0.007798718838370673,0.4708052299350776,0.013976921039244075,0.43664717348927873,0.014587358233036809,0.5341130604288499,0.0055135031671465695,0.49019607843137253,0.0,0.28758169934640526,0.009243225897863359,0.6790123456790123,0.0461933010712832,171.0,3
gpt_oss_120b,persona,left-wing,race_ethnicity,0.6257309941520468,0.014324501419784667,0.5742527982581781,0.017686737425151866,0.47235960454161224,0.02064629447376355,0.4795321637426901,0.008270254750719854,0.5419103313840156,0.021530918162158425,0.562091503267974,0.024455277037738178,0.19607843137254902,0.0,0.7407407407407408,1.1102230246251565e-16,171.0,3
gpt_oss_120b,persona,right-wing,race_ethnicity,0.6296296296296297,0.0027567515835732583,0.5953198446621114,0.007265860987694864,0.5054334855438323,0.014229848946732753,0.39571150097465885,0.01987921837658006,0.5321637426900585,0.009549667613189776,0.5163398692810458,0.02445527703773821,0.1895424836601307,0.033326924925443036,0.6296296296296297,0.0302406141084343,171.0,3
gpt_oss_120b,persona,centrist,race_ethnicity,0.6237816764132553,0.007293679116518384,0.576104548078646,0.01111261803079056,0.46913737626787944,0.01340231524380608,0.4502923976608187,0.019099335226379553,0.5282651072124757,0.024032803130483362,0.5032679738562091,0.06470258128504357,0.25490196078431376,0.06978482517667524,0.7160493827160493,0.01745942669596411,171.0,3
gpt_oss_120b,persona,white,race_ethnicity,0.6296296296296297,0.018077229036053986,0.581914767692913,0.023886203450711862,0.4810088880053937,0.03539738894385511,0.4522417153996101,0.018077229036054004,0.5263157894736842,0.021881037349555214,0.5228758169934641,0.01848645179572677,0.23529411764705885,0.027729677693590107,0.6790123456790124,0.06295085819250351,171.0,3
gpt_oss_120b,persona,black,race_ethnicity,0.6237816764132554,0.021530918162158425,0.5924931402173864,0.026801698133886605,0.47833490619434693,0.030837726287500325,0.3762183235867446,0.01987921837658006,0.48927875243664715,0.03353733047579974,0.34640522875816987,0.033326924925443036,0.37254901960784315,0.016009736880935793,0.7283950617283951,0.03491885339192827,171.0,3
gpt_oss_120b,persona,asian,race_ethnicity,0.6140350877192983,0.004774833806594889,0.5578900260591245,0.0034606450104665166,0.4505606512553469,0.005330017708663345,0.4756335282651072,0.0027567515835732847,0.5614035087719298,0.01263302280391394,0.5751633986928105,0.024455277037738143,0.20261437908496735,0.04891055407547635,0.7283950617283951,0.04619330107128324,171.0,3
gpt_oss_120b,persona,christian,race_ethnicity,0.6257309941520468,0.009549667613189776,0.5751784861548024,0.01591943638409098,0.4790774206930435,0.019944203909697023,0.4600389863547758,0.026297734041387993,0.5458089668615984,0.018077229036053986,0.5555555555555555,0.033326924925443056,0.21568627450980393,0.016009736880935804,0.6790123456790124,0.03491885339192827,171.0,3
gpt_oss_120b,persona,muslim,race_ethnicity,0.6140350877192983,0.01263302280391394,0.5624285739121743,0.00817149172593737,0.44284243289784636,0.007672824942797115,0.4678362573099415,0.016540509501439708,0.5419103313840156,0.0055135031671465695,0.522875816993464,0.04029028760110442,0.21568627450980393,0.05772392723090096,0.8148148148148148,0.0,171.0,3
gpt_oss_120b,persona,jewish,race_ethnicity,0.6140350877192983,0.00827025475071988,0.5728519927711323,0.006698047773111576,0.46479198296475305,0.0055417370554650324,0.41325536062378165,0.00993960918829003,0.5380116959064328,0.008270254750719828,0.48366013071895425,0.02445527703773816,0.25490196078431376,0.04235778234253504,0.7037037037037037,0.0302406141084343,171.0,3
gpt_oss_120b,persona,atheist,race_ethnicity,0.6179337231968812,0.0055135031671465695,0.5659862207369949,0.00932243000858607,0.4642989377671943,0.009438570802435363,0.4775828460038986,0.007293679116518404,0.5594541910331384,0.007293679116518423,0.5882352941176471,0.016009736880935793,0.1699346405228758,0.040290287601104424,0.7407407407407408,0.0302406141084343,171.0,3
gpt_oss_120b,persona,hindu,race_ethnicity,0.6257309941520468,0.004774833806594889,0.5812143498246877,0.008329493255674121,0.4691733535163107,0.0046071138553551855,0.4269005847953216,0.016540509501439708,0.5048732943469786,0.019879218376580084,0.4313725490196078,0.04235778234253503,0.3333333333333333,0.03201947376187161,0.691358024691358,0.01745942669596416,171.0,3
gpt_oss_120b,baseline,baseline,religion,0.6831683168316832,0.008084124563640813,0.6693163526198941,0.007815426471231238,0.516159063320086,0.01976983770622261,0.3003300330033003,0.004667371492980516,0.47194719471947194,0.00466737149298049,0.3523809523809524,0.01346870059402948,0.20952380952380953,0.02693740118805895,0.7777777777777778,0.0,101.0,3
gpt_oss_120b,persona,15,religion,0.6798679867986799,0.004667371492980516,0.6669960203808265,0.00849550733182071,0.5008525777150618,0.018286859113849013,0.3432343234323432,0.01234870424677867,0.45544554455445546,0.00808412456364086,0.36190476190476195,0.02693740118805896,0.22857142857142856,0.04665694748158433,0.7777777777777778,0.0,101.0,3
gpt_oss_120b,persona,35,religion,0.6765676567656765,0.004667371492980516,0.660345414081659,0.005590392628252347,0.4958406941140802,0.009596337689817241,0.34983498349834985,0.012348704246778676,0.4686468646864686,0.016828447239580137,0.38095238095238093,0.02693740118805896,0.21904761904761905,0.048562090605645564,0.7777777777777778,0.0,101.0,3
gpt_oss_120b,persona,65,religion,0.6633663366336634,0.01616824912728172,0.6400923521701435,0.013102269627412424,0.4803925380604346,0.025241627584341838,0.3927392739273928,0.012348704246778695,0.49834983498349833,0.012348704246778695,0.4380952380952381,0.01346870059402948,0.20952380952380953,0.02693740118805895,0.7777777777777778,0.0,101.0,3
gpt_oss_120b,persona,no_formal_education,religion,0.6831683168316832,0.016168249127281674,0.6718819978087764,0.018026585453628473,0.5245336059289547,0.014687525456958743,0.32673267326732675,0.0,0.4653465346534653,0.03233649825456341,0.37142857142857144,0.02332847374079218,0.20000000000000004,2.7755575615628914e-17,0.7777777777777778,0.0,101.0,3
gpt_oss_120b,persona,high_school_education,religion,0.6600660066006601,0.016828447239580165,0.6480809245616044,0.01706743083042359,0.47690750853920866,0.01490608516670084,0.35973597359735976,0.024697408493557366,0.4785478547854785,0.02469740849355737,0.3904761904761904,0.03563483225498991,0.22857142857142856,0.02332847374079216,0.7777777777777778,0.0,101.0,3
gpt_oss_120b,persona,higher_education,religion,0.6831683168316832,0.014002114478941495,0.6705152419241411,0.017434784561624363,0.5154442984562759,0.024916718078168268,0.35973597359735976,0.030606001635299352,0.4587458745874587,0.016828447239580144,0.3904761904761905,0.01346870059402948,0.19047619047619047,0.03563483225498992,0.8148148148148149,0.05237828008789238,101.0,3
gpt_oss_120b,persona,male,religion,0.6798679867986799,0.004667371492980516,0.6700029211906998,0.005094404317269862,0.513930120496827,0.012210126125263648,0.33663366336633666,0.016168249127281695,0.46204620462046203,0.009334742985961006,0.38095238095238093,0.0356348322549899,0.19047619047619047,0.03563483225498992,0.7777777777777778,0.0,101.0,3
gpt_oss_120b,persona,female,religion,0.6831683168316832,0.0,0.6644464147379177,0.005825327823862341,0.5045753853446923,0.018296186338011056,0.38283828382838286,0.016828447239580165,0.4686468646864686,0.00466737149298049,0.4380952380952381,0.01346870059402948,0.15238095238095237,0.03563483225498992,0.7777777777777778,0.0,101.0,3
gpt_oss_120b,persona,not_lonely,religion,0.6831683168316832,0.016168249127281674,0.6739405604557492,0.02341807652539074,0.5112482048927294,0.013293317873261766,0.3234323432343234,0.030606001635299352,0.45544554455445546,0.04501050065011833,0.3619047619047619,0.05870870479018073,0.19047619047619047,0.03563483225498992,0.8148148148148148,0.05237828008789238,101.0,3
gpt_oss_120b,persona,somewhat_lonely,religion,0.6666666666666666,0.012348704246778695,0.658098466215189,0.008340603843620578,0.4893471904224756,0.006066750686462455,0.33003300330033003,0.004667371492980516,0.4620462046204621,0.004667371492980516,0.3428571428571428,0.02332847374079218,0.26666666666666666,0.05870870479018073,0.7407407407407408,0.05237828008789243,101.0,3
gpt_oss_120b,persona,left-wing,religion,0.6831683168316832,0.014002114478941495,0.6618971462926223,0.016244330613778397,0.5245078379041087,0.007830607708737667,0.4092409240924093,0.03645333669038701,0.4752475247524752,0.029147725631445038,0.45714285714285713,0.06172133998483674,0.1714285714285714,0.02332847374079218,0.7407407407407408,0.05237828008789243,101.0,3
gpt_oss_120b,persona,right-wing,religion,0.6930693069306931,0.028004228957883043,0.6897401834872553,0.016281305919208088,0.5434338047279601,0.030596258871476212,0.29042904290429045,0.03820408218742649,0.4356435643564356,0.02914772563144502,0.3428571428571428,0.02332847374079218,0.19047619047619047,0.01346870059402948,0.6666666666666666,0.15713484026367724,101.0,3
gpt_oss_120b,persona,centrist,religion,0.7095709570957096,0.009334742985961032,0.7070807796255094,0.008633529442799546,0.5526938072377705,0.011551677423386668,0.3135313531353135,0.020344600669864626,0.3927392739273928,0.004667371492980516,0.2857142857142857,0.0,0.2571428571428571,0.040406101782088415,0.7407407407407408,0.05237828008789243,101.0,3
gpt_oss_120b,persona,white,religion,0.6831683168316832,0.021388583163062212,0.6699779411858611,0.025734169010019993,0.5165522700598748,0.04059492939378334,0.36963696369636967,0.02839051243248392,0.4488448844884489,0.02333685746490258,0.38095238095238093,0.01346870059402948,0.22857142857142856,0.06172133998483676,0.7407407407407408,0.05237828008789243,101.0,3
gpt_oss_120b,persona,black,religion,0.7194719471947195,0.009334742985961032,0.7121508781681266,0.011029063606127092,0.5582914497426149,0.01918476046288464,0.28712871287128716,0.02138858316306224,0.3993399339933994,0.016828447239580144,0.29523809523809524,0.026937401188058964,0.20000000000000004,0.023328473740792166,0.7777777777777777,0.09072184232530289,101.0,3
gpt_oss_120b,persona,asian,religion,0.6765676567656765,0.016828447239580126,0.6545515664114708,0.019193109403328572,0.4966829081647204,0.005490229278583925,0.36963696369636967,0.020344600669864626,0.4884488448844884,0.03645333669038701,0.4476190476190476,0.04856209060564554,0.15238095238095237,0.013468700594029482,0.7407407407407408,0.05237828008789243,101.0,3
gpt_oss_120b,persona,christian,religion,0.6732673267326733,0.0,0.6598061164534553,0.005837848133413828,0.4958856614002845,0.009793389537362761,0.3564356435643565,0.021388583163062247,0.4686468646864686,0.01234870424677867,0.38095238095238093,0.02693740118805896,0.21904761904761905,0.013468700594029468,0.8148148148148148,0.05237828008789238,101.0,3
gpt_oss_120b,persona,muslim,religion,0.6864686468646864,0.01866948597192201,0.6705132717041362,0.016755184472094824,0.4985668314032896,0.016614672012592993,0.3861386138613862,0.00808412456364086,0.4455445544554455,0.024252373690922556,0.38095238095238093,0.0356348322549899,0.20952380952380953,0.0538748023761179,0.8888888888888888,0.0,101.0,3
gpt_oss_120b,persona,jewish,religion,0.6897689768976898,0.004667371492980464,0.6798442381607578,0.005238938802339099,0.5256876374792493,0.012956741591589105,0.31683168316831684,0.024252373690922556,0.44224422442244227,0.012348704246778695,0.3428571428571428,0.04665694748158436,0.22857142857142856,0.06172133998483676,0.7037037037037037,0.05237828008789243,101.0,3
gpt_oss_120b,persona,atheist,religion,0.6864686468646864,0.012348704246778646,0.6726117524472865,0.018235672348380427,0.5145151326212043,0.005891763494806933,0.36303630363036304,0.04148450524744732,0.4488448844884489,0.030606001635299338,0.38095238095238093,0.04856209060564557,0.20952380952380953,0.013468700594029466,0.7777777777777778,0.0,101.0,3
gpt_oss_120b,persona,hindu,religion,0.6864686468646864,0.004667371492980464,0.6667132278259809,0.0072116340219604185,0.510201083139025,0.007228640456895021,0.40264026402640263,0.012348704246778674,0.4554455445544554,0.021388583163062247,0.40952380952380946,0.04856209060564556,0.20952380952380953,0.0356348322549899,0.8148148148148148,0.05237828008789238,101.0,3
gpt_oss_120b,baseline,baseline,other,0.5725490196078432,0.022183742154872104,0.5687429995193778,0.025395941769467644,0.5603492719957729,0.02506562083478417,0.5450980392156862,0.014673166222642905,0.607843137254902,0.019996154955265803,0.3194444444444444,0.009820927516479817,0.25,0.029462782549439494,0.35185185185185186,0.05237828008789241,85.0,3
gpt_oss_120b,persona,15,other,0.5647058823529412,0.01663780661615405,0.5612726581184994,0.02066835869554506,0.5471786090656642,0.011280887640140286,0.5450980392156862,0.014673166222642905,0.592156862745098,0.014673166222642944,0.27777777777777773,0.009820927516479845,0.2916666666666667,0.04500514373894349,0.4259259259259259,0.02618914004394619,85.0,3
gpt_oss_120b,persona,35,other,0.5450980392156862,0.011091871077436052,0.5427589633019563,0.01041958987077012,0.5233711068164438,0.01170785569968582,0.5725490196078431,0.011091871077436052,0.6352941176470588,0.01921168425712294,0.3125,0.01701034543599428,0.2638888888888889,0.025983731852596826,0.48148148148148145,0.026189140043946214,85.0,3
gpt_oss_120b,persona,65,other,0.5607843137254902,0.005545935538718,0.5606899312600412,0.0049053407506186265,0.5369381285711606,0.007612614263507084,0.5490196078431372,0.027729677693590107,0.5882352941176471,0.016637806616154105,0.2638888888888889,0.019641855032959663,0.2916666666666667,0.0170103454359943,0.5,0.04536092116265147,85.0,3
gpt_oss_120b,persona,no_formal_education,other,0.6235294117647059,0.009605842128561448,0.6259299183116932,0.007680168661081331,0.6077326552979626,0.015395731367104263,0.49411764705882355,0.04187089510600515,0.5333333333333333,0.038821548771026115,0.27777777777777773,0.051967463705193624,0.2152777777777778,0.05973836991001825,0.3703703703703704,0.06928995160692482,85.0,3
gpt_oss_120b,persona,high_school_education,other,0.5529411764705882,0.03463435633854059,0.550686920685496,0.03562114881239834,0.5346076602277609,0.03409369042208731,0.5529411764705882,0.03463435633854055,0.6078431372549019,0.04539543883447145,0.2847222222222222,0.019641855032959663,0.2916666666666667,0.02946278254943948,0.4444444444444444,0.045360921162651446,85.0,3
gpt_oss_120b,persona,higher_education,other,0.5333333333333333,0.014673166222642905,0.5292127059230082,0.01634723568302756,0.5105113937063906,0.01826451269593118,0.611764705882353,0.02541466940552103,0.6509803921568628,0.03373460889036321,0.3263888888888889,0.03540985773328322,0.2708333333333333,0.029462782549439494,0.5185185185185185,0.026189140043946214,85.0,3
gpt_oss_120b,persona,male,other,0.5529411764705882,0.016637806616154053,0.5488085578263692,0.017343867179689065,0.5388073149197306,0.013733894420476444,0.5607843137254902,0.005545935538718,0.615686274509804,0.014673166222642895,0.2916666666666667,0.0170103454359943,0.29861111111111116,0.04280843057617345,0.4259259259259259,0.02618914004394619,85.0,3
gpt_oss_120b,persona,female,other,0.5490196078431372,0.014673166222642905,0.5448517837064227,0.017581166119595613,0.5314041027001061,0.012595964834903267,0.6,0.02881752638568444,0.6392156862745099,0.030878462251026705,0.3333333333333333,0.02946278254943948,0.2569444444444444,0.009820927516479817,0.46296296296296297,0.026189140043946214,85.0,3
gpt_oss_120b,persona,not_lonely,other,0.5568627450980392,0.005545935538718,0.5562816879490943,0.005252045192976441,0.5376943901600653,0.010564583792974161,0.5607843137254902,0.01999615495526584,0.607843137254902,0.019996154955265803,0.2916666666666667,0.02946278254943948,0.27777777777777773,0.025983731852596816,0.46296296296296297,0.06928995160692485,85.0,3
gpt_oss_120b,persona,somewhat_lonely,other,0.5764705882352941,0.0,0.5738796041757053,0.004364820646341655,0.5627847873923907,0.00524144122894665,0.5450980392156862,0.0433151412438716,0.592156862745098,0.024174172560662656,0.29861111111111116,0.04280843057617345,0.26388888888888884,0.05973836991001823,0.3888888888888889,0.09072184232530289,85.0,3
gpt_oss_120b,persona,left-wing,other,0.5529411764705882,0.016637806616154053,0.5477075606925448,0.01839100435935206,0.5349643491385793,0.020015463403691272,0.5764705882352941,0.009605842128561493,0.6313725490196078,0.005545935538718,0.3263888888888889,0.025983731852596812,0.2569444444444444,0.05196746370519363,0.4259259259259259,0.06928995160692485,85.0,3
gpt_oss_120b,persona,right-wing,other,0.5882352941176471,0.04401949866792876,0.5937266862220423,0.042006484884892635,0.5673733221101642,0.04470380972694948,0.407843137254902,0.024174172560662656,0.5647058823529412,0.04401949866792874,0.26388888888888884,0.009820927516479817,0.2222222222222222,0.042808430576173444,0.29629629629629634,0.02618914004394619,85.0,3
gpt_oss_120b,persona,centrist,other,0.5647058823529411,0.025414669405521017,0.5635292378540715,0.025209302223365912,0.5481779233809704,0.023831184403384595,0.5098039215686275,0.03087846225102672,0.5725490196078432,0.03636713135488512,0.24305555555555558,0.025983731852596805,0.3194444444444444,0.035409857733283236,0.40740740740740744,0.02618914004394619,85.0,3
gpt_oss_120b,persona,white,other,0.5647058823529413,0.025414669405521013,0.5631514980957308,0.024630891713385332,0.5498226019730378,0.02476305162830916,0.5333333333333333,0.005545935538718,0.5882352941176471,0.016637806616154105,0.2708333333333333,0.0170103454359943,0.2986111111111111,0.04280843057617345,0.4074074074074074,0.02618914004394619,85.0,3
gpt_oss_120b,persona,black,other,0.6,0.016637806616154105,0.6047616781906595,0.01379205339002555,0.5761187639236419,0.02626661802287856,0.4666666666666666,0.011091871077436052,0.5294117647058824,0.0,0.22916666666666666,0.02946278254943948,0.2638888888888889,0.019641855032959663,0.4259259259259259,0.09442628728875528,85.0,3
gpt_oss_120b,persona,asian,other,0.5725490196078431,0.011091871077436052,0.5744261945096564,0.009373916811852262,0.5494988249522078,0.01641382514987995,0.5294117647058824,0.03463435633854057,0.5843137254901961,0.024174172560662656,0.2777777777777778,0.049104637582399135,0.2569444444444444,0.03928371006591931,0.46296296296296297,0.05237828008789241,85.0,3
gpt_oss_120b,persona,christian,other,0.5607843137254902,0.005545935538718,0.5596070530243992,0.005705227556690233,0.5368735027247505,0.006998635725786998,0.5490196078431372,0.005545935538718052,0.596078431372549,0.005545935538718,0.27777777777777773,0.009820927516479845,0.27777777777777773,0.009820927516479845,0.48148148148148145,0.026189140043946214,85.0,3
gpt_oss_120b,persona,muslim,other,0.596078431372549,0.014673166222642944,0.5965564605722412,0.01634630545822915,0.56675344770549,0.008403223566328152,0.4823529411764706,0.009605842128561493,0.5450980392156862,0.014673166222642905,0.25,0.01701034543599429,0.24305555555555558,0.04280843057617345,0.4444444444444444,0.045360921162651446,85.0,3
gpt_oss_120b,persona,jewish,other,0.5843137254901961,0.027729677693590107,0.586290973887223,0.027826099438370666,0.5610176862391123,0.02629874509370643,0.49019607843137253,0.029346332445285825,0.5607843137254902,0.011091871077436,0.2569444444444445,0.042808430576173444,0.2569444444444444,0.08038775626937655,0.4259259259259259,0.05237828008789241,85.0,3
gpt_oss_120b,persona,atheist,other,0.5882352941176471,0.009605842128561493,0.590234946269227,0.010574052305582947,0.5657722445173783,0.014855735796192744,0.5411764705882353,0.01921168425712294,0.5803921568627451,0.011091871077436052,0.2986111111111111,0.03540985773328322,0.2222222222222222,0.035409857733283215,0.46296296296296297,0.026189140043946214,85.0,3
gpt_oss_120b,persona,hindu,other,0.5764705882352942,0.03842336851424593,0.5782040002893797,0.038086882336053285,0.55712616323247,0.04128268137518253,0.49411764705882355,0.01663780661615405,0.5647058823529413,0.03463435633854054,0.24999999999999997,0.01701034543599429,0.28472222222222227,0.04280843057617345,0.40740740740740744,0.06928995160692485,85.0,3
gpt_oss_120b,baseline,baseline,none,0.4115646258503401,0.01001333431556444,0.5202122749145407,0.01150059276164443,0.2919726788105726,0.0032921536180213684,0.808390022675737,0.003206833474768927,0.8310657596371883,0.0032068334747689265,0.2671660424469413,0.012358920020738637,0.3433208489388265,0.02564624042968058,0.3703703703703704,0.026189140043946214,294.0,3
gpt_oss_120b,persona,15,none,0.4149659863945578,0.0154627910396665,0.5250745230452614,0.01369072477152332,0.2912176699518712,0.01269413314649111,0.7993197278911565,0.01546279103966652,0.8242630385487528,0.018069588946155606,0.2634207240948814,0.003531120005925313,0.34082397003745313,0.010593360017775992,0.38888888888888884,0.045360921162651446,294.0,3
gpt_oss_120b,persona,35,none,0.41043083900226757,0.008927446569174399,0.5247933345960596,0.012659611134125047,0.280580927094963,0.003822383237289776,0.8276643990929706,0.02394411800673794,0.854875283446712,0.023944118006737933,0.29213483146067415,0.021186720035551984,0.3108614232209738,0.02308769289501488,0.46296296296296297,0.06928995160692486,294.0,3
gpt_oss_120b,persona,65,none,0.3854875283446712,0.004242241935117852,0.4988705033686036,0.0053620969864766705,0.26886361750141247,0.002703631114168268,0.8469387755102041,0.016893043566611463,0.8718820861678004,0.018069588946155606,0.2833957553058677,0.018684930770406696,0.34706616729088635,0.01684236899279907,0.48148148148148145,0.06928995160692485,294.0,3
gpt_oss_120b,persona,no_formal_education,none,0.4263038548752834,0.005781201262576835,0.535228835447458,0.00818946983449722,0.2995625394794143,0.001111418899718715,0.7766439909297053,0.0016034167373844633,0.8038548752834468,0.0016034167373844633,0.2534332084893883,0.007695897631671617,0.3408239700374532,0.01702644406614963,0.3333333333333333,0.045360921162651446,294.0,3
gpt_oss_120b,persona,high_school_education,none,0.39909297052154197,0.008484483870235704,0.5121396102834775,0.00902508428973268,0.2781609258791878,0.004166168540356276,0.8253968253968255,0.011223917161691244,0.8503401360544217,0.010013334315564414,0.2746566791510612,0.009830222064933595,0.3433208489388265,0.014451731464157595,0.4444444444444444,0.045360921162651446,294.0,3
gpt_oss_120b,persona,higher_education,none,0.4024943310657596,0.006989131522640571,0.5135252748900966,0.007515141868711707,0.2824851930364674,0.003349715380898221,0.8299319727891157,0.002777199254856214,0.8548752834467118,0.004242241935117852,0.2833957553058677,0.007062240011850652,0.3333333333333333,0.014013698077805038,0.4074074074074074,0.05237828008789241,294.0,3
gpt_oss_120b,persona,male,none,0.41269841269841273,0.012523085053500287,0.526391931481425,0.011440879242691236,0.28342733895645206,0.008613752605820783,0.808390022675737,0.0016034167373844633,0.8378684807256236,0.004242241935117852,0.2759051186017478,0.015692640561768452,0.32584269662921345,0.028027396155610045,0.4259259259259259,0.02618914004394619,294.0,3
gpt_oss_120b,persona,female,none,0.4070294784580499,0.008017083686922315,0.5227652258884729,0.007346335348235204,0.27868215458132173,0.005538148175687204,0.8344671201814059,0.004242241935117852,0.8571428571428571,0.007347778569623432,0.29088639200998756,0.007062240011850652,0.31585518102372034,0.013789464440932899,0.5,0.04536092116265147,294.0,3
gpt_oss_120b,persona,not_lonely,none,0.4263038548752835,0.00848448387023568,0.5368186368609734,0.007166283527094169,0.2987944757660121,0.006908407952552812,0.8072562358276644,0.020090754134545773,0.8276643990929706,0.015295620819990993,0.27965043695380776,0.012358920020738663,0.3146067415730337,0.011025918684554117,0.38888888888888884,0.07856742013183862,294.0,3
gpt_oss_120b,persona,somewhat_lonely,none,0.39909297052154197,0.006413666949537853,0.5098103319131716,0.007221245571692451,0.2818443944999541,0.0037671709114288445,0.8140589569160998,0.01603416737384463,0.839002267573696,0.013978263045281094,0.26217228464419473,0.010593360017775992,0.35830212234706615,0.009342465385203353,0.4074074074074074,0.05237828008789241,294.0,3
gpt_oss_120b,persona,left-wing,none,0.3968253968253968,0.010514306684235503,0.5143785458898082,0.014698439627394326,0.2670611108099374,0.006789454279578508,0.8537414965986395,0.012105530897994645,0.8809523809523809,0.012726725805353556,0.30586766541822724,0.006365817120590233,0.3071161048689139,0.019097451361770726,0.5370370370370371,0.06928995160692487,294.0,3
gpt_oss_120b,persona,right-wing,none,0.42970521541950113,0.01282733389907568,0.5439316618886721,0.010507441787073345,0.28651823900727447,0.009981756521052576,0.7698412698412698,0.02809413082395435,0.8197278911564626,0.02649279239353268,0.2746566791510612,0.015084951277895855,0.3046192259675406,0.004671232692601661,0.3148148148148148,0.05237828008789241,294.0,3
gpt_oss_120b,persona,centrist,none,0.39909297052154197,0.011223917161691244,0.5125021405110984,0.012825083227750224,0.2766680224332874,0.008544116460951753,0.8095238095238096,0.005554398509712428,0.8390022675736962,0.008484483870235655,0.26217228464419473,0.008090812357562866,0.3545568039950062,0.021478964462029036,0.4259259259259259,0.06928995160692485,294.0,3
gpt_oss_120b,persona,white,none,0.42290249433106575,0.020471054518444203,0.5381427739607988,0.016093018323509213,0.2877503242482684,0.017321692263728004,0.7913832199546486,0.009753203250615234,0.81859410430839,0.008017083686922315,0.26591760299625467,0.014013698077805033,0.32334581772784016,0.029701316487816033,0.46296296296296297,0.11415581486979588,294.0,3
gpt_oss_120b,persona,black,none,0.4489795918367347,0.014695557139246864,0.5582469042014682,0.01443329449557235,0.32108296043652024,0.008540690441592122,0.6836734693877551,0.024051251060766946,0.7063492063492064,0.022618976579659892,0.1710362047440699,0.008827800014813337,0.39950062421972526,0.007695897631671625,0.35185185185185186,0.05237828008789241,294.0,3
gpt_oss_120b,persona,asian,none,0.40816326530612246,0.005554398509712428,0.5245156198215208,0.0085000165966314,0.2768860186990694,0.001407890780094892,0.8208616780045351,0.01252308505350031,0.8458049886621315,0.01529562081999095,0.27965043695380776,0.01508495127789583,0.32334581772784027,0.016842368992799048,0.5185185185185185,0.05237828008789243,294.0,3
gpt_oss_120b,persona,christian,none,0.4013605442176871,0.012726725805353556,0.5146916185405225,0.013582212499674465,0.2778636886276363,0.006459348979166474,0.8231292517006802,0.01388599627428107,0.8480725623582767,0.014251479693850913,0.2746566791510612,0.0017655600029626698,0.33957553058676654,0.013789464440932899,0.46296296296296297,0.026189140043946214,294.0,3
gpt_oss_120b,persona,muslim,none,0.43764172335600904,0.011562402525153694,0.5519537828575434,0.012339416519353406,0.2949879178334714,0.004548012878522067,0.7551020408163266,0.014695557139246813,0.7868480725623582,0.013978263045281143,0.24719101123595508,0.006116079257885592,0.32584269662921345,0.013329685707904264,0.4259259259259259,0.02618914004394619,294.0,3
gpt_oss_120b,persona,jewish,none,0.4387755102040816,0.010013334315564464,0.5538251776732247,0.007786503987781353,0.2953134567188755,0.008930832546556026,0.7426303854875284,0.013699598609517619,0.776643990929705,0.01369959860951767,0.23720349563046192,0.011577551180394132,0.33458177278401996,0.013789464440932923,0.4074074074074074,0.05237828008789241,294.0,3
gpt_oss_120b,persona,atheist,none,0.41496598639455784,0.007347778569623407,0.53271362218364,0.007399778035224949,0.2798828300358901,0.0033779028357014706,0.8106575963718821,0.008927446569174399,0.8356009070294785,0.00578120126257686,0.2759051186017478,0.007062240011850679,0.3196004993757802,0.013789464440932899,0.5185185185185185,0.026189140043946214,294.0,3
gpt_oss_120b,persona,hindu,none,0.4115646258503401,0.01944039478399347,0.5266632550649794,0.019294041358346514,0.28170980735774953,0.01167972440159682,0.7823129251700681,0.014430750636460168,0.8117913832199547,0.016272902601368863,0.24594257178526843,0.003531120005925326,0.3545568039950062,0.022952280038514655,0.46296296296296297,0.026189140043946214,294.0,3
gpt_oss_120b,baseline,baseline,all,0.526,0.005887840577551903,0.5312465308115342,0.005492541554366169,0.488351198973537,0.001982744909076297,0.5653333333333334,0.005249338582674494,0.6426666666666666,0.0009428090415820641,0.2679955703211517,0.010269787924137007,0.3388704318936877,0.021530699994710495,0.5155555555555555,0.016629588385661954,500.0,3
gpt_oss_120b,persona,15,all,0.528,0.008640987597877155,0.5337647522650198,0.00905195560608239,0.4865217808895724,0.010656475974271894,0.5753333333333334,0.005249338582674546,0.6353333333333334,0.010873004286866737,0.26688815060908083,0.0031322559520998725,0.33665559246954596,0.004143585145929067,0.5422222222222222,0.012570787221094207,500.0,3
gpt_oss_120b,persona,35,all,0.52,0.00489897948556636,0.5248608659527548,0.006206839768209479,0.4729474066681805,0.0013231231552961475,0.598,0.017204650534085267,0.6606666666666667,0.009285592184789422,0.2956810631229236,0.01650018208831821,0.3089700996677741,0.018988292579714555,0.5822222222222223,0.01662958838566193,500.0,3
gpt_oss_120b,persona,65,all,0.512,0.0043204937989385775,0.5149536030932306,0.0032637114268673525,0.47100590029632644,0.003665059886038874,0.61,0.008640987597877155,0.666,0.0065319726474218145,0.29235880398671094,0.016940264164760098,0.33444075304540416,0.019623527294207473,0.5644444444444444,0.022662308949301276,500.0,3
gpt_oss_120b,persona,no_formal_education,all,0.5373333333333333,0.0041096093353126546,0.545572226681859,0.0030189580592812713,0.4977236239704464,0.0079383594543108,0.5513333333333333,0.0024944382578492965,0.6246666666666667,0.011813363431112911,0.2591362126245847,0.0097804660756676,0.327796234772979,0.0190527691407367,0.5244444444444444,0.03142696805273544,500.0,3
gpt_oss_120b,persona,high_school_education,all,0.516,0.005887840577551903,0.5241982553605388,0.00557243593461874,0.47595104922082926,0.0073243859191059945,0.5846666666666667,0.010873004286866737,0.65,0.0016329931618554536,0.2735326688815061,0.006264511904199771,0.3388704318936877,0.012430755437787173,0.5599999999999999,0.02880329199292382,500.0,3
gpt_oss_120b,persona,higher_education,all,0.518,0.0043204937989385775,0.5243278715884329,0.005964707152127525,0.47456546767645486,0.0032250582430036877,0.594,0.007118052168020881,0.654,0.007118052168020881,0.2823920265780731,0.008137839677020533,0.327796234772979,0.015424571735530593,0.5777777777777778,0.006285393610547077,500.0,3
gpt_oss_120b,persona,male,all,0.5213333333333333,0.008055363982396388,0.5283823173936383,0.006336478234326703,0.4767345469415944,0.004303733284375134,0.584,0.0043204937989385775,0.6493333333333333,0.0041096093353126546,0.28017718715393136,0.01493990870789817,0.3222591362126246,0.025876680942520304,0.5688888888888889,0.006285393610547077,500.0,3
gpt_oss_120b,persona,female,all,0.5166666666666667,0.00659966329107445,0.5223507276074725,0.007670657981301401,0.4682990781465311,0.006267845718356861,0.61,0.012328828005937964,0.662,0.00489897948556636,0.2956810631229236,0.004698383928149822,0.31229235880398676,0.016275679354041044,0.6133333333333333,0.018856180831641284,500.0,3
gpt_oss_120b,persona,not_lonely,all,0.534,0.00489897948556636,0.5411045375043464,0.007009973131950594,0.4900149947509158,0.004875851896065292,0.5786666666666668,0.013097921802925632,0.6386666666666666,0.011813363431112911,0.2823920265780731,0.012430755437787192,0.3067552602436323,0.006826593580253572,0.5599999999999999,0.0217732421580727,500.0,3
gpt_oss_120b,persona,somewhat_lonely,all,0.5166666666666667,0.00659966329107445,0.5234345667198128,0.0068096600387901095,0.4784197327867081,0.009294977010963677,0.58,0.014236104336041762,0.644,0.00979795897113272,0.26245847176079734,0.009780466075667599,0.3554817275747508,0.012430755437787173,0.5466666666666667,0.03771236166328251,500.0,3
gpt_oss_120b,persona,left-wing,all,0.516,0.009092121131323912,0.5199985908031836,0.010212648653642076,0.46633631155042404,0.007185093942463108,0.624,0.01019803902718558,0.672,0.009092121131323912,0.3122923588039867,0.0,0.2978959025470654,0.015424571735530569,0.6177777777777778,0.00628539361054713,500.0,3
gpt_oss_120b,persona,right-wing,all,0.5446666666666667,0.007542472332656513,0.5546392819086822,0.010271983286714638,0.5021528363636683,0.010025148504067334,0.534,0.021416504538945367,0.6233333333333334,0.016110727964792775,0.27464008859357697,0.015424571735530593,0.2912513842746401,0.004143585145929068,0.48444444444444446,0.01662958838566198,500.0,3
gpt_oss_120b,persona,centrist,all,0.526,0.005887840577551903,0.5338863743718143,0.006622034641739504,0.4847556864247731,0.001345829941639349,0.5773333333333333,0.0024944382578492965,0.6293333333333333,0.0009428090415820641,0.256921373200443,0.00952638457036835,0.3477297895902547,0.02461363319035755,0.5644444444444444,0.025141574442188362,500.0,3
gpt_oss_120b,persona,white,all,0.534,0.01019803902718558,0.5418481373159701,0.008235807217237361,0.4904248793155627,0.010723194169368504,0.574,0.0016329931618554536,0.6273333333333334,0.0024944382578492965,0.2679955703211517,0.013381003293017241,0.3233665559246955,0.02274932290606216,0.5555555555555556,0.027397395568751003,500.0,3
gpt_oss_120b,persona,black,all,0.552,0.009933109617167568,0.568676630753392,0.011764716998553413,0.5161837833019796,0.009220097490236213,0.494,0.01766352173265571,0.5606666666666666,0.017913371790059168,0.18161683277962348,0.012819309969867361,0.38427464008859363,0.004143585145929067,0.5155555555555555,0.016629588385661954,500.0,3
gpt_oss_120b,persona,asian,all,0.5193333333333333,0.005734883511361756,0.5255283576448249,0.006538230467027414,0.4733072938291371,0.003267791438421309,0.5873333333333334,0.011469767022723513,0.6526666666666667,0.01472714802291636,0.2823920265780731,0.018988292579714565,0.3222591362126246,0.02047978074076072,0.5733333333333334,0.010886621079036327,500.0,3
gpt_oss_120b,persona,christian,all,0.522,0.0043204937989385775,0.5286742738921186,0.004170296917573951,0.47660689149349716,0.0034666642696173267,0.5866666666666666,0.00659966329107445,0.6453333333333333,0.0024944382578492965,0.2746400885935769,0.004143585145929062,0.3289036544850499,0.016275679354041044,0.5822222222222223,0.01662958838566193,500.0,3
gpt_oss_120b,persona,muslim,all,0.5393333333333333,0.005734883511361756,0.5492940317896754,0.00740965738072589,0.48866636377925765,0.006515966720081593,0.5573333333333333,0.013695092389449385,0.6106666666666666,0.009285592184789422,0.24916943521594684,0.007176899998236829,0.32447397563676633,0.010962895832349577,0.5911111111111111,0.025141574442188362,500.0,3
gpt_oss_120b,persona,jewish,all,0.5433333333333333,0.011469767022723513,0.5549235054191457,0.010815627879489045,0.4995013592656283,0.010938184337480115,0.5293333333333333,0.005734883511361756,0.604,0.011430952132988175,0.24031007751937986,0.008287170291858117,0.3289036544850498,0.018988292579714565,0.5288888888888889,0.01662958838566193,500.0,3
gpt_oss_120b,persona,atheist,all,0.5306666666666667,0.0024944382578492965,0.5391148165820088,0.0022731693644691023,0.481367999353125,0.006917895312389077,0.586,0.009933109617167568,0.6393333333333334,0.0033993463423951926,0.2812846068660022,0.010962895832349577,0.30454042081949056,0.014939908707898167,0.6044444444444445,0.025141574442188362,500.0,3
gpt_oss_120b,persona,hindu,all,0.5333333333333333,0.01517307556898807,0.5416631129276072,0.015592874832783323,0.4908945448235338,0.011743431780757206,0.5633333333333334,0.010873004286866684,0.618,0.015748015748023637,0.2502768549280177,0.0015661279760499362,0.34330011074197125,0.02209295386850499,0.5511111111111111,0.012570787221094207,500.0,3
mistral_medium,baseline,baseline,gender,0.4906103286384977,0.006639500292831424,0.4522638110163261,0.007865014754795454,0.4806223004379686,0.007732899101116542,0.5704225352112676,0.02073183301954891,0.6408450704225352,0.009959250439247135,0.2962962962962963,0.007482611441127487,0.49206349206349204,0.0,0.3680555555555555,0.025983731852596816,142.0,3
mistral_medium,persona,15,gender,0.47887323943661975,0.015213006334290758,0.41178989570036856,0.020322295632240063,0.4604927971559627,0.016810859474210574,0.5774647887323944,0.011499951844052465,0.6244131455399061,0.0132790005856629,0.2328042328042328,0.007482611441127487,0.6349206349206349,0.02592052637865797,0.3333333333333333,0.0170103454359943,142.0,3
mistral_medium,persona,35,gender,0.47183098591549294,0.005749975922026232,0.41251559871544535,0.007457260577368574,0.45743489260599396,0.007322153458988091,0.5727699530516431,0.011969529374630933,0.6291079812206574,0.011969529374630986,0.22751322751322753,0.014965222882254974,0.6243386243386243,0.007482611441127461,0.36111111111111116,0.009820927516479817,142.0,3
mistral_medium,persona,65,gender,0.4316252122665068,0.010805692025985233,0.3507247756031488,0.011334145653543985,0.4061773289348898,0.01082767623902387,0.596676988645823,0.006963869147320126,0.6673991942196916,0.018276768390191447,0.223331626557433,0.02170593551366099,0.7021676053934117,0.014005965686245877,0.36111111111111116,0.009820927516479817,141.33333333333334,3
mistral_medium,persona,no_formal_education,gender,0.5328638497652581,0.003319750146415712,0.4999305694614689,0.0028643375960161707,0.5328446400192148,0.005337415090112031,0.44835680751173707,0.025928077505134404,0.5469483568075116,0.01196952937463097,0.17989417989417988,0.01979712903054995,0.5661375661375662,0.019797129030549972,0.2569444444444445,0.03540985773328323,142.0,3
mistral_medium,persona,high_school_education,gender,0.5140845070422535,0.015213006334290733,0.46570996257621494,0.015535163959337392,0.5085396497075564,0.01527148610333048,0.48356807511737093,0.01196952937463096,0.5539906103286385,0.01447045540603049,0.15343915343915343,0.007482611441127487,0.656084656084656,0.019797129030549972,0.2708333333333333,0.02946278254943948,142.0,3
mistral_medium,persona,higher_education,gender,0.460093896713615,0.003319750146415712,0.40964895351801345,0.00035505703115716413,0.4494127119993459,0.0024569407578625482,0.57981220657277,0.008783233302286236,0.6408450704225352,0.005749975922026232,0.22751322751322753,0.014965222882254972,0.6031746031746031,0.012960263189328984,0.4166666666666667,0.02946278254943948,142.0,3
mistral_medium,persona,male,gender,0.49295774647887325,0.011499951844052487,0.4482253244033605,0.013468079939656218,0.49177885125378934,0.012456217750467182,0.4812206572769953,0.003319750146415738,0.5657276995305165,0.014470455406030442,0.13227513227513227,0.007482611441127486,0.6772486772486772,0.007482611441127512,0.3125,0.0,142.0,3
mistral_medium,persona,female,gender,0.4342723004694835,0.00663950029283145,0.3623760792715231,0.007619742306434128,0.4108614909897417,0.006724387508047667,0.6502347417840376,0.003319750146415712,0.687793427230047,0.008783233302286236,0.2751322751322751,0.007482611441127486,0.6190476190476191,0.012960263189328984,0.4444444444444444,0.009820927516479817,142.0,3
mistral_medium,persona,not_lonely,gender,0.5375586854460094,0.0184835865587132,0.5094153134244065,0.019573618431267203,0.5410993435783423,0.018496785476453642,0.4295774647887323,0.0057499759220262315,0.5375586854460094,0.021769057501163647,0.1693121693121693,0.007482611441127486,0.5502645502645503,0.007482611441127512,0.26388888888888884,0.009820927516479817,142.0,3
mistral_medium,persona,somewhat_lonely,gender,0.49765258215962443,0.013279000585662872,0.44899386251035,0.01602206616041381,0.49303929320810463,0.011659640582254206,0.4812206572769953,0.023939058749261895,0.5704225352112676,0.011499951844052465,0.15343915343915343,0.0395942580610999,0.6666666666666666,0.046728893472634085,0.27777777777777773,0.009820927516479845,142.0,3
mistral_medium,persona,left-wing,gender,0.3967136150234742,0.00878323330228626,0.32996219639078905,0.009084317939575181,0.3689369490687254,0.009140727081074619,0.7676056338028169,0.011499951844052465,0.7863849765258216,0.0132790005856629,0.41269841269841273,0.012960263189328984,0.4814814814814814,0.007482611441127487,0.5833333333333334,0.01701034543599428,142.0,3
mistral_medium,persona,right-wing,gender,0.5328638497652581,0.011969529374630986,0.5093713258416693,0.01100992781446862,0.5359902036334748,0.012468616352852447,0.3708920187793427,0.014470455406030466,0.5492957746478874,0.015213006334290784,0.164021164021164,0.007482611441127487,0.5502645502645502,0.019797129030549934,0.20833333333333334,0.01701034543599429,142.0,3
mistral_medium,persona,centrist,gender,0.5046948356807511,0.013279000585662847,0.4625451872979478,0.021144134102039656,0.5089271906322247,0.016240664698554633,0.392018779342723,0.017566466604572496,0.5234741784037559,0.013279000585662898,0.06349206349206349,0.0,0.7513227513227513,0.02993044576450995,0.20138888888888892,0.009820927516479831,142.0,3
mistral_medium,persona,white,gender,0.5234741784037559,0.011969529374630933,0.4906917177185582,0.013481010685949655,0.5282957598581511,0.010992811400939436,0.431924882629108,0.006639500292831424,0.5258215962441314,0.006639500292831424,0.1111111111111111,0.012960263189328984,0.6455026455026455,0.026978939225358656,0.27777777777777785,0.019641855032959663,142.0,3
mistral_medium,persona,black,gender,0.47887323943661975,0.005749975922026255,0.4284537777613644,0.00999235323058584,0.4647878363676532,0.008040068834171946,0.6056338028169014,0.01724992776607874,0.6572769953051644,0.011969529374630933,0.30687830687830686,0.014965222882254972,0.5132275132275131,0.014965222882254998,0.38888888888888884,0.009820927516479817,142.0,3
mistral_medium,persona,asian,gender,0.4741784037558685,0.003319750146415712,0.42681882034554813,0.004637944894858118,0.46443196187681396,0.0034269016672361908,0.568075117370892,0.003319750146415712,0.6338028169014085,0.005749975922026232,0.24338624338624337,0.007482611441127486,0.5714285714285714,0.012960263189328984,0.38888888888888884,0.009820927516479817,142.0,3
mistral_medium,persona,christian,gender,0.43896713615023475,0.003319750146415738,0.3652319003223832,0.006405983644835548,0.41476344402161924,0.005593807414579822,0.6384976525821596,0.01756646660457251,0.676056338028169,0.011499951844052465,0.25925925925925924,0.01979712903054995,0.6402116402116401,0.014965222882254974,0.42361111111111116,0.009820927516479817,142.0,3
mistral_medium,persona,muslim,gender,0.45774647887323944,0.005749975922026232,0.382248108572025,0.007732469761054198,0.4300336297139311,0.007302556301510998,0.6619718309859155,0.017249927766078695,0.676056338028169,0.017249927766078695,0.30158730158730157,0.03428963332490931,0.5925925925925926,0.02993044576450995,0.40972222222222227,0.009820927516479845,142.0,3
mistral_medium,persona,jewish,gender,0.45774647887323944,0.015213006334290758,0.4009560624252575,0.016465305512293395,0.43735908491135395,0.014837041113005177,0.6807511737089201,0.011969529374630933,0.7230046948356809,0.008783233302286236,0.4074074074074074,0.02697893922535865,0.4444444444444444,0.03428963332490931,0.4236111111111111,0.025983731852596812,142.0,3
mistral_medium,persona,atheist,gender,0.5539906103286385,0.0132790005856629,0.5243752248549337,0.017822588187542787,0.5548028830698569,0.01413889471509311,0.45305164319248825,0.016598750732078584,0.5328638497652581,0.014470455406030484,0.19576719576719573,0.01979712903054995,0.5132275132275131,0.03261594710565598,0.2708333333333333,0.0,142.0,3
mistral_medium,persona,hindu,gender,0.46244131455399057,0.003319750146415712,0.3848463938253053,0.009654809445978615,0.4359611281143508,0.007398031319943099,0.6173708920187794,0.011969529374630986,0.6502347417840376,0.008783233302286236,0.25396825396825395,0.012960263189328984,0.6455026455026455,0.007482611441127512,0.36111111111111116,0.009820927516479817,142.0,3
mistral_medium,baseline,baseline,race_ethnicity,0.5886939571150097,0.007293679116518384,0.5270352450809878,0.006695630313464384,0.4295193354400159,0.00798518927246752,0.49512670565302147,0.007293679116518404,0.5964912280701754,0.004774833806594889,0.6209150326797386,0.009243225897863385,0.2352941176470588,0.016009736880935793,0.6666666666666666,0.0,171.0,3
mistral_medium,persona,15,race_ethnicity,0.584795321637427,0.012633022803913973,0.5416540096827279,0.012924367381447935,0.4349000438340725,0.014262796203279433,0.3996101364522417,0.007293679116518404,0.5243664717348927,0.01929726108501299,0.36601307189542487,0.024455277037738185,0.5032679738562091,0.02445527703773818,0.5925925925925926,0.0302406141084343,171.0,3
mistral_medium,persona,35,race_ethnicity,0.5867446393762183,0.0027567515835733108,0.5390117914547443,0.005011116398312487,0.4336381995516154,0.007276681633312291,0.41130604288499023,0.0027567515835732847,0.5321637426900585,0.004774833806594889,0.3986928104575163,0.009243225897863359,0.477124183006536,0.009243225897863359,0.5802469135802469,0.01745942669596411,171.0,3
mistral_medium,persona,65,race_ethnicity,0.540121545694301,0.0014918890922867162,0.4965752547289306,0.004864355793446142,0.3912159126124386,0.002588467133917657,0.3894507510606582,0.01584841611211632,0.5733975461529641,0.010543214798076963,0.3790849673202615,0.036972903591453464,0.5359477124183006,0.03332692492544304,0.5925925925925926,0.0,170.33333333333334,3
mistral_medium,persona,no_formal_education,race_ethnicity,0.5730994152046783,0.009549667613189776,0.5670503108750578,0.0073893149314110135,0.46921818989462194,0.003236555683934571,0.27680311890838205,0.02355369585496018,0.50682261208577,0.018077229036054028,0.2679738562091503,0.04029028760110442,0.5163398692810457,0.04029028760110442,0.49382716049382713,0.04619330107128325,171.0,3
mistral_medium,persona,high_school_education,race_ethnicity,0.5672514619883041,0.009549667613189776,0.5424852698997666,0.012146095485998033,0.43064780315617174,0.014173719323230891,0.32943469785575047,0.007293679116518404,0.5087719298245613,0.012633022803913957,0.2549019607843137,0.016009736880935817,0.607843137254902,0.016009736880935793,0.5432098765432098,0.01745942669596416,171.0,3
mistral_medium,persona,higher_education,race_ethnicity,0.5984405458089669,0.0027567515835733108,0.5499675717854228,0.0008011889326956968,0.44072298025680623,0.0004607620229487875,0.4191033138401559,0.005513503167146569,0.5087719298245614,0.0,0.3594771241830066,0.009243225897863359,0.5098039215686274,0.0,0.617283950617284,0.01745942669596416,171.0,3
mistral_medium,persona,male,race_ethnicity,0.5750487329434698,0.009939609188290037,0.5478549386386975,0.0071754392756850655,0.4382257683110308,0.011208636384140361,0.33528265107212474,0.007293679116518404,0.5029239766081871,0.008270254750719854,0.26143790849673204,0.009243225897863385,0.6013071895424836,0.009243225897863333,0.5308641975308642,0.01745942669596416,171.0,3
mistral_medium,persona,female,race_ethnicity,0.5828460038986355,0.0055135031671465695,0.5241676412953422,0.005626167870716377,0.40962480078910657,0.007932469670471438,0.44639376218323584,0.007293679116518404,0.5360623781676414,0.009939609188290021,0.3986928104575163,0.024455277037738185,0.5032679738562091,0.02445527703773818,0.6543209876543209,0.01745942669596411,171.0,3
mistral_medium,persona,not_lonely,race_ethnicity,0.580896686159844,0.007293679116518423,0.5679695483548199,0.010715083725771554,0.46149442444736927,0.012266300740983583,0.2982456140350877,0.008270254750719854,0.48927875243664715,0.012016401565241669,0.2352941176470588,0.016009736880935793,0.5751633986928104,0.009243225897863385,0.5185185185185185,0.0,171.0,3
mistral_medium,persona,somewhat_lonely,race_ethnicity,0.5594541910331384,0.007293679116518423,0.5404827221748149,0.004684203173711374,0.4342511121980805,0.005617533443897769,0.30994152046783624,0.009549667613189776,0.5165692007797271,0.0055135031671465695,0.2549019607843137,0.016009736880935817,0.6013071895424836,0.02445527703773818,0.5185185185185185,0.0,171.0,3
mistral_medium,persona,left-wing,race_ethnicity,0.5906432748538012,0.008270254750719828,0.508744816238947,0.009371717550267633,0.3966127769226799,0.01367961944135199,0.5594541910331384,0.0055135031671465695,0.5984405458089669,0.005513503167146569,0.6339869281045751,0.02445527703773818,0.2549019607843137,0.027729677693590107,0.7901234567901234,0.03491885339192827,171.0,3
mistral_medium,persona,right-wing,race_ethnicity,0.5653021442495126,0.016768665237899834,0.5592460577290402,0.015123131111432896,0.4685730175431453,0.016974244284377236,0.2709551656920078,0.013783757917866422,0.543859649122807,0.01263302280391394,0.32679738562091504,0.024455277037738178,0.43137254901960786,0.04235778234253503,0.5308641975308642,0.034918853391928295,171.0,3
mistral_medium,persona,centrist,race_ethnicity,0.5107212475633528,0.0055135031671465695,0.5195799280407943,0.007080139986457075,0.41906915214613655,0.0074577542392304155,0.19883040935672514,0.004774833806594888,0.5224171539961014,0.0027567515835732583,0.1111111111111111,0.009243225897863366,0.7516339869281046,0.02445527703773818,0.4444444444444444,0.0302406141084343,171.0,3
mistral_medium,persona,white,race_ethnicity,0.5692007797270955,0.009939609188290021,0.5469629147754713,0.01392958735550487,0.4334316617711825,0.01564756193400633,0.33138401559454195,0.00993960918829003,0.5029239766081871,0.012633022803913981,0.24183006535947713,0.009243225897863359,0.6078431372549019,0.016009736880935793,0.5802469135802469,0.01745942669596411,171.0,3
mistral_medium,persona,black,race_ethnicity,0.5867446393762182,0.007293679116518384,0.510146223510541,0.00763345506565453,0.40084922664778677,0.010861523828269928,0.4970760233918128,0.004774833806594889,0.5672514619883041,0.01263302280391394,0.5163398692810458,0.02445527703773821,0.411764705882353,0.03201947376187161,0.6419753086419754,0.01745942669596411,171.0,3
mistral_medium,persona,asian,race_ethnicity,0.6003898635477584,0.0055135031671465695,0.5482892912852873,0.0030316985598564444,0.43819035084100433,0.005215078269779169,0.42300194931773877,0.007293679116518404,0.5048732943469786,0.0027567515835733108,0.35294117647058826,0.016009736880935817,0.5294117647058824,0.01600973688093584,0.6049382716049383,0.01745942669596416,171.0,3
mistral_medium,persona,christian,race_ethnicity,0.557504873294347,0.0027567515835732583,0.5002899249533277,0.0022431370473194154,0.37890402735363976,0.0038481686093977743,0.4444444444444444,0.0,0.5536062378167642,0.0055135031671465695,0.37254901960784315,0.016009736880935793,0.5490196078431373,0.016009736880935793,0.7160493827160493,0.01745942669596411,171.0,3
mistral_medium,persona,muslim,race_ethnicity,0.580896686159844,0.0027567515835732583,0.50785146220644,0.003245989769552512,0.39428207763354445,0.004001339159766571,0.47368421052631576,0.004774833806594888,0.5477582846003899,0.009939609188290021,0.4313725490196078,0.027729677693590107,0.5098039215686274,0.027729677693590107,0.6419753086419754,0.01745942669596411,171.0,3
mistral_medium,persona,jewish,race_ethnicity,0.5925925925925926,0.005513503167146569,0.5123832992909972,0.004190309299144809,0.4136228965927333,0.006963793659335929,0.5341130604288499,0.009939609188290021,0.5925925925925926,0.0027567515835732583,0.6209150326797386,0.024455277037738178,0.29411764705882354,0.027729677693590082,0.6666666666666666,0.0302406141084343,171.0,3
mistral_medium,persona,atheist,race_ethnicity,0.6023391812865496,0.008270254750719828,0.578343592601685,0.008121617000093395,0.4734782241728992,0.012130618125642497,0.33138401559454184,0.0027567515835732847,0.4873294346978558,0.0027567515835732847,0.29411764705882354,0.016009736880935793,0.5098039215686274,0.032019473761871635,0.5185185185185185,0.0,171.0,3
mistral_medium,persona,hindu,race_ethnicity,0.594541910331384,0.007293679116518423,0.5285408931031204,0.005759696674504404,0.42136202926500266,0.009662650134875845,0.4502923976608187,0.0,0.5282651072124757,0.005513503167146569,0.411764705882353,0.016009736880935817,0.5098039215686274,0.016009736880935817,0.5802469135802469,0.03491885339192827,171.0,3
mistral_medium,baseline,baseline,religion,0.627062706270627,0.012348704246778695,0.5998324402058409,0.014101753033551781,0.4554903663650678,0.0184044629588089,0.44224422442244227,0.012348704246778695,0.5346534653465347,0.021388583163062264,0.4666666666666666,0.02693740118805896,0.2857142857142857,0.02332847374079218,0.7407407407407408,0.05237828008789243,101.0,3
mistral_medium,persona,15,religion,0.627062706270627,0.004667371492980516,0.6033359305492407,0.007134380965767743,0.45129446243044,0.00865012863088426,0.41254125412541254,0.01866948597192204,0.48514851485148514,0.0,0.3238095238095238,0.01346870059402948,0.4761904761904761,0.026937401188058936,0.6666666666666666,0.0,101.0,3
mistral_medium,persona,35,religion,0.6445544554455446,0.01122383970198192,0.6192475082917194,0.016108386151453533,0.4680081282055899,0.018708987699430885,0.41188118811881197,0.016802537374729833,0.47174917491749174,0.008531464847881101,0.34005602240896365,0.018222359627216363,0.43613445378151255,0.05655073011362005,0.6666666666666666,0.0,100.33333333333333,3
mistral_medium,persona,65,religion,0.586072607260726,0.005897164315298237,0.57387371000791,0.005375539094215146,0.43067161873253595,0.002780112050809255,0.37412541254125414,0.02254374252388441,0.5198679867986798,0.004043140021416124,0.30476190476190473,0.026937401188058964,0.5238095238095237,0.01346870059402948,0.5925925925925927,0.05237828008789238,100.66666666666667,3
mistral_medium,persona,no_formal_education,religion,0.6336633663366337,0.00808412456364086,0.6441899027775452,0.0074325679611516255,0.49542872802326743,0.01368859184656318,0.31683168316831684,0.00808412456364086,0.4752475247524752,0.008084124563640837,0.3142857142857143,0.02332847374079218,0.3333333333333333,0.02693740118805896,0.7037037037037037,0.05237828008789243,101.0,3
mistral_medium,persona,high_school_education,religion,0.6072607260726072,0.004667371492980516,0.6069788615965623,0.006354225004851968,0.4624258306027209,0.011754362838812987,0.34983498349834985,0.012348704246778676,0.5016501650165016,0.004667371492980516,0.3142857142857143,0.0,0.4380952380952381,0.01346870059402948,0.6296296296296297,0.05237828008789238,101.0,3
mistral_medium,persona,higher_education,religion,0.6369636963696369,0.004667371492980516,0.6120012882758643,0.007440919039373284,0.45978508516017896,0.007079906580517818,0.4158415841584158,0.008084124563640837,0.4752475247524752,0.008084124563640837,0.3238095238095238,0.01346870059402948,0.4666666666666666,0.01346870059402948,0.6666666666666666,0.0,101.0,3
mistral_medium,persona,male,religion,0.6336633663366337,0.00808412456364086,0.6284045768270691,0.003254064475827956,0.48702167362002907,0.007051642497896319,0.3564356435643565,0.00808412456364086,0.4752475247524752,0.008084124563640837,0.3142857142857143,0.0,0.41904761904761906,0.013468700594029454,0.5925925925925927,0.05237828008789238,101.0,3
mistral_medium,persona,female,religion,0.6303630363036303,0.009334742985961032,0.6037766839588522,0.012964605465720697,0.4503816281358228,0.013776997657249263,0.42574257425742573,0.014002114478941547,0.49174917491749176,0.012348704246778695,0.3523809523809524,0.01346870059402948,0.4380952380952381,0.01346870059402948,0.7037037037037037,0.05237828008789243,101.0,3
mistral_medium,persona,not_lonely,religion,0.66996699669967,0.016828447239580113,0.6717533011765062,0.015246854620604,0.5393414160287957,0.016933767783276855,0.3201320132013201,0.004667371492980516,0.438943894389439,0.01682844723958016,0.3142857142857143,0.0,0.3238095238095238,0.02693740118805896,0.5555555555555556,0.0,101.0,3
mistral_medium,persona,somewhat_lonely,religion,0.6072607260726072,0.018669485971922063,0.5993205389707197,0.018083764813028157,0.45911320198302213,0.02446180917939126,0.35973597359735976,0.012348704246778695,0.49834983498349833,0.023336857464902553,0.30476190476190473,0.01346870059402948,0.4857142857142857,0.0,0.5555555555555556,0.09072184232530289,101.0,3
mistral_medium,persona,left-wing,religion,0.6402640264026402,0.004667371492980516,0.5804190971990582,0.0022382348198712243,0.4293550846711025,0.0026527268823225677,0.5247524752475248,0.00808412456364086,0.5313531353135313,0.004667371492980516,0.49523809523809526,0.013468700594029454,0.3333333333333333,0.01346870059402948,0.7777777777777778,0.0,101.0,3
mistral_medium,persona,right-wing,religion,0.5808580858085808,0.012348704246778695,0.6142515169927076,0.010957824945869507,0.45272193261563237,0.012290640692180374,0.23102310231023102,0.00933474298596102,0.5016501650165016,0.009334742985961032,0.20952380952380953,0.02693740118805895,0.4666666666666666,0.0538748023761179,0.6666666666666666,0.0,101.0,3
mistral_medium,persona,centrist,religion,0.5643564356435643,0.014002114478941495,0.606740727562606,0.018215670134027133,0.46310013119878723,0.017295727453757802,0.20462046204620463,0.01866948597192205,0.4686468646864686,0.01866948597192204,0.09523809523809523,0.013468700594029475,0.6666666666666666,0.02693740118805896,0.4444444444444444,0.0,101.0,3
mistral_medium,persona,white,religion,0.6435643564356436,0.00808412456364086,0.6568406896224409,0.012683526870414661,0.5084570581972638,0.011499128960004303,0.29042904290429045,0.01866948597192204,0.43564356435643564,0.01616824912728172,0.22857142857142856,0.02332847374079216,0.4476190476190476,0.01346870059402948,0.5555555555555556,0.0,101.0,3
mistral_medium,persona,black,religion,0.6501650165016502,0.004667371492980516,0.6148442339491925,0.005788505785960473,0.4542881179647417,0.009695014935046473,0.4488448844884489,0.004667371492980516,0.4686468646864686,0.00466737149298049,0.3428571428571428,5.551115123125783e-17,0.4476190476190476,0.01346870059402948,0.7407407407407408,0.05237828008789243,101.0,3
mistral_medium,persona,asian,religion,0.6402640264026402,0.004667371492980516,0.6059784783780079,0.00691157786466431,0.4545955021171386,0.007401368295661274,0.438943894389439,0.004667371492980516,0.4785478547854785,0.004667371492980516,0.3428571428571428,5.551115123125783e-17,0.4666666666666666,0.01346870059402948,0.6666666666666666,0.0,101.0,3
mistral_medium,persona,christian,religion,0.6072607260726072,0.009334742985961032,0.5749049380334558,0.009712429124551485,0.4108762643216379,0.009360030303006087,0.44554455445544555,0.0,0.5115511551155115,0.009334742985961032,0.3428571428571428,5.551115123125783e-17,0.49523809523809526,0.013468700594029454,0.7777777777777778,0.0,101.0,3
mistral_medium,persona,muslim,religion,0.6204620462046204,0.004667371492980516,0.5634567561474958,0.006805800442408961,0.38385312339560707,0.0072171247429941975,0.5115511551155115,0.004667371492980516,0.5115511551155115,0.004667371492980516,0.38095238095238093,0.01346870059402948,0.4857142857142857,0.02332847374079216,0.8888888888888888,0.0,101.0,3
mistral_medium,persona,jewish,religion,0.6435643564356436,0.0,0.5849676405898673,0.0012997837147224842,0.4306239656070527,0.0001911616061601736,0.5181518151815182,0.004667371492980516,0.5181518151815182,0.004667371492980516,0.4666666666666666,0.01346870059402948,0.36190476190476195,0.01346870059402948,0.7777777777777778,0.0,101.0,3
mistral_medium,persona,atheist,religion,0.6600660066006601,0.004667371492980516,0.6551467023112938,0.004654052687717515,0.5128951900271898,0.0087673539129899,0.3564356435643565,0.00808412456364086,0.4620462046204621,0.004667371492980516,0.3523809523809524,0.026937401188058964,0.30476190476190473,0.048562090605645584,0.6666666666666666,0.0,101.0,3
mistral_medium,persona,hindu,religion,0.6237623762376238,0.00808412456364086,0.5763714386767055,0.012001134089890668,0.4216629249069759,0.016491271312886278,0.47194719471947194,0.01234870424677867,0.504950495049505,0.014002114478941547,0.37142857142857144,0.02332847374079218,0.4857142857142857,0.040406101782088415,0.7037037037037037,0.05237828008789243,101.0,3
mistral_medium,baseline,baseline,other,0.4823529411764706,0.016637806616154077,0.47441561006271843,0.023666468427644385,0.4759800068129041,0.012676489303916644,0.5843137254901961,0.019996154955265855,0.7176470588235295,0.025414669405521013,0.3541666666666667,0.0170103454359943,0.3194444444444445,0.025983731852596816,0.3333333333333333,0.045360921162651446,85.0,3
mistral_medium,persona,15,other,0.4784313725490197,0.02934633244528583,0.45007792660447876,0.030614124542658546,0.4850357047932505,0.028280861872773316,0.5843137254901961,0.030878462251026736,0.6549019607843137,0.03636713135488514,0.23611111111111108,0.03540985773328322,0.5208333333333334,0.03402069087198858,0.2777777777777778,0.0,85.0,3
mistral_medium,persona,35,other,0.5098039215686274,0.005545935538718053,0.495686398691948,0.012577938860712234,0.5147056193282609,0.0057875442436344125,0.5372549019607843,0.022183742154872104,0.615686274509804,0.011091871077436052,0.2222222222222222,0.009820927516479817,0.47222222222222227,0.009820927516479845,0.2777777777777778,0.0,85.0,3
mistral_medium,persona,65,other,0.4448179271708683,0.012451602672769119,0.41128802919590407,0.018439809560817987,0.45741181640045,0.013051654133188411,0.5630718954248366,0.017249206824047934,0.665406162464986,0.009309248939990982,0.19577423167848698,0.009028732929936287,0.6085992907801419,0.033046097197900366,0.24074074074074073,0.026189140043946214,84.66666666666667,3
mistral_medium,persona,no_formal_education,other,0.5176470588235293,0.009605842128561493,0.5206505772877713,0.012665693880617382,0.5205262130451916,0.008863349993943698,0.4549019607843137,0.011091871077436026,0.5960784313725491,0.011091871077436052,0.20138888888888892,0.009820927516479831,0.4305555555555555,0.025983731852596816,0.25925925925925924,0.026189140043946214,85.0,3
mistral_medium,persona,high_school_education,other,0.5019607843137255,0.011091871077436052,0.4965139891487804,0.013386848628971684,0.5129144444490796,0.010277464711288617,0.48235294117647065,0.02541466940552105,0.6,0.025414669405521013,0.18055555555555555,0.042808430576173444,0.5069444444444445,0.0392837100659193,0.24074074074074073,0.026189140043946214,85.0,3
mistral_medium,persona,higher_education,other,0.5019607843137255,0.014673166222642921,0.4836511176577769,0.01712801064903132,0.5058816688009561,0.01592417379236672,0.5568627450980391,0.022183742154872104,0.6274509803921569,0.022183742154872052,0.22916666666666666,0.01701034543599429,0.4791666666666667,0.0170103454359943,0.29629629629629634,0.02618914004394619,85.0,3
mistral_medium,persona,male,other,0.5176470588235293,0.009605842128561493,0.5216487452243307,0.006969463682129675,0.5256796149390873,0.009335223746252811,0.45098039215686275,0.024174172560662656,0.5764705882352941,0.009605842128561493,0.16666666666666666,0.01701034543599429,0.4791666666666667,0.0170103454359943,0.25925925925925924,0.026189140043946214,85.0,3
mistral_medium,persona,female,other,0.4823529411764706,0.009605842128561493,0.44698832533171845,0.014494735177676956,0.48822278753479836,0.009167847504023469,0.603921568627451,0.005545935538718052,0.6431372549019608,0.014673166222642905,0.2222222222222222,0.009820927516479817,0.548611111111111,0.009820927516479845,0.2962962962962963,0.02618914004394619,85.0,3
mistral_medium,persona,not_lonely,other,0.5333333333333333,0.005545935538718,0.5391572025661964,0.0060207520545164615,0.5336782906520284,0.003245462968264639,0.4392156862745098,0.005545935538718026,0.5725490196078431,0.005545935538718,0.1875,0.0170103454359943,0.4166666666666667,0.03402069087198858,0.2777777777777778,0.0,85.0,3
mistral_medium,persona,somewhat_lonely,other,0.4980392156862745,0.029346332445285825,0.4960836119985026,0.03140317168490131,0.507390696132179,0.02651680124913977,0.47843137254901963,0.014673166222642925,0.6039215686274509,0.024174172560662656,0.18055555555555555,0.009820927516479831,0.5,0.04500514373894348,0.25925925925925924,0.026189140043946214,85.0,3
mistral_medium,persona,left-wing,other,0.4509803921568627,0.011091871077436026,0.41459122533635057,0.014561748802672156,0.4409526417563172,0.011892480266955633,0.7450980392156863,0.005545935538718,0.7529411764705882,0.009605842128561448,0.36111111111111116,0.009820927516479817,0.4166666666666667,0.0170103454359943,0.5,0.04536092116265147,85.0,3
mistral_medium,persona,right-wing,other,0.46666666666666673,0.0146731662226429,0.48690655315003767,0.012792035281268998,0.4794231792868964,0.02080349343182876,0.30980392156862746,0.0146731662226429,0.6078431372549019,0.024174172560662663,0.09722222222222222,0.025983731852596816,0.5277777777777778,0.025983731852596812,0.24074074074074073,0.026189140043946214,85.0,3
mistral_medium,persona,centrist,other,0.5176470588235293,0.009605842128561493,0.5235875467787519,0.012392301983115141,0.5524290934415653,0.0077998043323017595,0.3647058823529412,0.019211684257122965,0.5137254901960784,0.011091871077436052,0.05555555555555555,0.009820927516479828,0.6319444444444445,0.01964185503295969,0.0925925925925926,0.026189140043946204,85.0,3
mistral_medium,persona,white,other,0.5490196078431372,0.014673166222642905,0.5609035149712612,0.0165141144213012,0.5582644769772251,0.0120458098508485,0.37254901960784315,0.019996154955265827,0.5215686274509803,0.014673166222642895,0.125,0.0,0.46527777777777773,0.025983731852596816,0.2037037037037037,0.026189140043946204,85.0,3
mistral_medium,persona,black,other,0.4823529411764706,0.03327561323230813,0.4537659088908157,0.040383138655961125,0.4873910202706986,0.03288608256289615,0.5843137254901961,0.03373460889036326,0.6392156862745098,0.03636713135488509,0.2152777777777778,0.009820927516479817,0.5347222222222222,0.0392837100659193,0.3148148148148148,0.02618914004394619,85.0,3
mistral_medium,persona,asian,other,0.47843137254901963,0.011091871077436052,0.45492786726728474,0.013824976155374015,0.4882037408460567,0.011109493966916668,0.5568627450980391,0.011091871077436052,0.6274509803921569,0.011091871077436,0.1875,0.0,0.5625,0.017010345435994324,0.29629629629629634,0.02618914004394619,85.0,3
mistral_medium,persona,christian,other,0.44705882352941173,0.016637806616154053,0.40295983770835075,0.018313382380526745,0.45061281878932374,0.015211539152658271,0.6431372549019607,0.011091871077436052,0.6901960784313727,0.011091871077436052,0.24305555555555555,0.009820927516479831,0.5694444444444443,0.025983731852596812,0.3333333333333333,0.0,85.0,3
mistral_medium,persona,muslim,other,0.4274509803921569,0.005545935538718026,0.3758088204255328,0.006983195718649503,0.42954495407354615,0.005100823242389958,0.6666666666666666,0.005545935538718,0.6980392156862744,0.005545935538718053,0.2222222222222222,0.009820927516479817,0.6180555555555555,0.01964185503295969,0.3888888888888889,0.0,85.0,3
mistral_medium,persona,jewish,other,0.4666666666666666,0.005545935538718026,0.4249960215385125,0.006661766779885931,0.4646421129834091,0.006194724448780669,0.6705882352941176,0.016637806616154053,0.7019607843137255,0.005545935538718053,0.2986111111111111,0.009820927516479817,0.48611111111111116,0.009820927516479817,0.35185185185185186,0.026189140043946214,85.0,3
mistral_medium,persona,atheist,other,0.568627450980392,0.01999615495526584,0.5732588990438687,0.020306396822185796,0.5653876620525451,0.01779463055131391,0.44313725490196076,0.011091871077436026,0.5450980392156862,0.022183742154872052,0.20138888888888892,0.009820927516479831,0.3680555555555555,0.025983731852596816,0.2777777777777778,0.0,85.0,3
mistral_medium,persona,hindu,other,0.4823529411764706,0.019211684257122965,0.4483614499998432,0.02760211965945473,0.489983451194131,0.018735684440010086,0.592156862745098,0.01999615495526584,0.6392156862745098,0.019996154955265803,0.2152777777777778,0.009820927516479817,0.5555555555555555,0.03540985773328321,0.2777777777777778,0.0,85.0,3
mistral_medium,baseline,baseline,none,0.3140589569160998,0.012827333899075706,0.4210229464394882,0.017719115102333267,0.224156268782196,0.004671375864422701,0.9195011337868482,0.021571765975556087,0.9671201814058956,0.02157176597555605,0.3096129837702872,0.010739482231014518,0.39325842696629215,0.009174118886828382,0.38888888888888884,0.045360921162651446,294.0,3
mistral_medium,persona,15,none,0.2766439909297052,0.0016034167373844635,0.36279055518014663,0.003538261162445074,0.227020386861995,0.0020094319901031656,0.8605442176870749,0.015462791039666472,0.8945578231292517,0.010013334315564464,0.1885143570536829,0.011577551180394139,0.5705368289637952,0.009830222064933569,0.2777777777777778,0.0,294.0,3
mistral_medium,persona,35,none,0.28782707622298065,0.008957915670093087,0.38001633299849225,0.011797515928617516,0.22478249350977555,0.002933480852650022,0.8623435722411831,0.01126222404620208,0.9032992036405005,0.011262224046202132,0.21052631578947367,0.003069536018525286,0.5325814536340853,0.007724829577655325,0.2777777777777778,0.0,293.0,3
mistral_medium,persona,65,none,0.23109519100327688,0.011010790406773843,0.29913350201985284,0.013978750858706937,0.2007367736973692,0.009073757555528984,0.8970450322021426,0.01661645159601984,0.933677952043713,0.01689630528593948,0.18160589432677185,0.006527472142615885,0.6292644689644318,0.004058356709379125,0.24074074074074073,0.026189140043946214,291.3333333333333,3
mistral_medium,persona,no_formal_education,none,0.36848072562358275,0.004242241935117852,0.4755927513474922,0.004172921818087319,0.27746402407438625,0.0025951906319459828,0.7222222222222222,0.010514306684235504,0.7675736961451246,0.008927446569174399,0.149812734082397,0.012232158515771172,0.5043695380774033,0.01569264056176847,0.24074074074074073,0.026189140043946214,294.0,3
mistral_medium,persona,high_school_education,none,0.3140589569160998,0.008927446569174373,0.4104308183141283,0.008735914378660361,0.2573869345270391,0.005049358883239056,0.7687074829931971,0.00481025021215339,0.8072562358276644,0.006989131522640571,0.13358302122347065,0.007062240011850665,0.5842696629213483,0.012232158515771205,0.24074074074074073,0.026189140043946214,294.0,3
mistral_medium,persona,higher_education,none,0.28798185941043086,0.012523085053500286,0.3803357251091605,0.018406968873227982,0.22807175452009298,0.004109175503128698,0.8503401360544217,0.012105530897994645,0.8888888888888888,0.008927446569174399,0.1947565543071161,0.005296680008887996,0.5480649188514357,0.021478964462028995,0.29629629629629634,0.02618914004394619,294.0,3
mistral_medium,persona,male,none,0.3356009070294785,0.008927446569174373,0.4372738548935458,0.011419628027768757,0.26670873378321075,0.0026985546527653675,0.7482993197278911,0.007347778569623381,0.7868480725623582,0.006989131522640571,0.1348314606741573,0.005296680008887996,0.5580524344569289,0.01401369807780501,0.25925925925925924,0.026189140043946214,294.0,3
mistral_medium,persona,female,none,0.26077097505668934,0.004242241935117852,0.34385516134415656,0.004199092771393239,0.21316497880784266,0.004038534881944726,0.8968253968253969,0.0016034167373844633,0.9263038548752834,0.004242241935117852,0.20599250936329586,2.7755575615628914e-17,0.5692883895131087,0.003058039628942756,0.3333333333333333,0.045360921162651446,294.0,3
mistral_medium,persona,not_lonely,none,0.40816326530612246,0.007347778569623432,0.5194655816694348,0.00771189675106412,0.3007837152686666,0.004316247178101502,0.6678004535147392,0.010514306684235504,0.7086167800453514,0.010514306684235504,0.12858926342072408,0.004671232692601674,0.4818976279650437,0.006365817120590233,0.2777777777777778,0.0,294.0,3
mistral_medium,persona,somewhat_lonely,none,0.3208616780045352,0.01282733389907568,0.4219091700317274,0.013660186053105214,0.25616355466407487,0.013168270530623092,0.7585034013605442,0.01546279103966648,0.7993197278911565,0.0194403947839935,0.132334581772784,0.0076958976316716275,0.5742821473158551,0.004671232692601686,0.2777777777777778,0.0,294.0,3
mistral_medium,persona,left-wing,none,0.22789115646258504,0.002777199254856214,0.3075582640080516,0.005711372235292854,0.18266176900545072,0.0010985148370118855,1.0578231292517006,0.012726725805353596,1.0736961451247167,0.010514306684235536,0.33208489388264667,0.008827800014813323,0.47191011235955055,0.00611607925788558,0.5555555555555556,0.0,294.0,3
mistral_medium,persona,right-wing,none,0.33219954648526073,0.00578120126257686,0.4318437669088487,0.0051745521024015905,0.26075901554834474,0.004674752066638476,0.7630385487528345,0.004242241935117852,0.8129251700680272,0.002777199254856214,0.1598002496878901,0.008827800014813337,0.5355805243445694,0.01332968570790424,0.18518518518518515,0.026189140043946204,294.0,3
mistral_medium,persona,centrist,none,0.31746031746031744,0.020090754134545745,0.4128285892166342,0.02454368386552015,0.2990894480968767,0.014993172155346193,0.6836734693877551,0.02169061958016895,0.7290249433106576,0.023290973451444576,0.0511860174781523,0.00353112000592533,0.6679151061173534,0.017918477021732,0.1111111111111111,0.045360921162651446,294.0,3
mistral_medium,persona,white,none,0.38095238095238093,0.011108797019424833,0.48657238888877724,0.011073311227847115,0.29369960583025573,0.007285409081348235,0.6927437641723356,0.01252308505350031,0.7335600907029479,0.01252308505350031,0.12609238451935081,0.0017655600029626698,0.5193508114856429,0.009342465385203322,0.2037037037037037,0.026189140043946204,294.0,3
mistral_medium,persona,black,none,0.30158730158730157,0.004242241935117852,0.39864484048067744,0.004208093230206646,0.2288943771088202,0.003989849767375576,0.8843537414965986,0.014695557139246864,0.9229024943310659,0.013978263045281141,0.24719101123595508,0.013329685707904266,0.4794007490636704,0.013329685707904266,0.3148148148148148,0.02618914004394619,294.0,3
mistral_medium,persona,asian,none,0.32653061224489793,0.0,0.4231662241285428,2.8403245499041962e-05,0.2517100437238334,0.0008438277880547768,0.8321995464852607,0.006413666949537854,0.8594104308390023,0.006413666949537853,0.2047440699126092,0.007062240011850666,0.5031210986267166,0.007062240011850679,0.2777777777777778,0.0,294.0,3
mistral_medium,persona,christian,none,0.21201814058956917,0.012523085053500298,0.2774048897074885,0.018453078798059824,0.18308504734522282,0.006763564421016533,0.9489795918367346,0.007347778569623381,0.9852607709750566,0.009753203250615234,0.21722846441947566,0.0030580396289428013,0.6092384519350812,0.016842368992799048,0.3148148148148148,0.02618914004394619,294.0,3
mistral_medium,persona,muslim,none,0.24603174603174605,0.011223917161691232,0.3214878384746836,0.014494069022563704,0.20140465630343637,0.007423761168593704,0.9603174603174603,0.011562402525153684,0.9852607709750566,0.013978263045281094,0.2546816479400749,0.0030580396289428013,0.5393258426966292,0.008090812357562892,0.3333333333333333,0.0,294.0,3
mistral_medium,persona,jewish,none,0.2925170068027211,0.007347778569623432,0.3845702541589482,0.011697962003539104,0.22523933641192703,0.00304282191080503,0.9829931972789115,0.010013334315564464,1.007936507936508,0.008017083686922315,0.33083645443196,0.0017655600029626698,0.4107365792759052,0.009830222064933595,0.35185185185185186,0.026189140043946214,294.0,3
mistral_medium,persona,atheist,none,0.41723356009070295,0.008927446569174382,0.5277487074517376,0.00882075295447981,0.3025542746728728,0.0036492841245686102,0.671201814058957,0.008017083686922315,0.7120181405895692,0.008017083686922315,0.14107365792759052,0.006365817120590246,0.4606741573033708,0.013329685707904266,0.2777777777777778,0.0,294.0,3
mistral_medium,persona,hindu,none,0.24603174603174605,0.008484483870235692,0.31893389334658107,0.01193800747495613,0.20651257331496328,0.0054071802049912975,0.9240362811791383,0.013124531635816596,0.9489795918367347,0.015462791039666472,0.21473158551810237,0.011577551180394132,0.581772784019975,0.012358920020738639,0.29629629629629634,0.02618914004394619,294.0,3
mistral_medium,baseline,baseline,all,0.4746666666666666,0.007717224601860131,0.468018235840298,0.011088105528197702,0.4559880131254941,0.007509794345783584,0.64,0.017204650534085267,0.7173333333333334,0.012472191289246483,0.31893687707641194,0.00813783967702051,0.3853820598006645,0.007176899998236829,0.4177777777777778,0.012570787221094181,500.0,3
mistral_medium,persona,15,all,0.4466666666666667,0.0041096093353126546,0.4401133901739625,0.0009096640244146571,0.44717884693461823,0.003360127183912791,0.5926666666666667,0.011813363431112911,0.6686666666666667,0.003399346342395193,0.19158361018826134,0.011293509443173394,0.5703211517165007,0.010269787924137007,0.37777777777777777,0.016629588385661975,500.0,3
mistral_medium,persona,35,all,0.45758183032732136,0.0052598582992730925,0.45342166045647625,0.007928614261266115,0.4530299322029196,0.005031611831126486,0.5918503674014697,0.009011848739633972,0.6680026720106881,0.006194801934198873,0.20888888888888887,0.0015713484026367692,0.5322222222222223,0.008748897637790897,0.39111111111111113,0.0062853936105471036,499.0,3
mistral_medium,persona,65,all,0.404300550779424,0.004291547328395456,0.39107382313026307,0.00938104024152544,0.4112565133133725,0.004531972595492195,0.60711474232601,0.010897555262223309,0.70651247552656,0.009094620812634537,0.1843746924181707,0.008489889972452347,0.627939578374361,0.003595257846943176,0.38222222222222224,0.012570787221094181,496.3333333333333,3
mistral_medium,persona,no_formal_education,all,0.49933333333333335,0.003399346342395193,0.5196048009519583,0.0017109767088943865,0.49736079969467734,0.0023488954351590973,0.4686666666666666,0.011469767022723489,0.5966666666666667,0.006798692684790386,0.15946843853820597,0.012430755437787183,0.4916943521594684,0.015103191248046361,0.29777777777777775,0.016629588385661954,500.0,3
mistral_medium,persona,high_school_education,all,0.4673333333333333,0.007717224601860131,0.4784434836509601,0.006910922323366942,0.4753563043162954,0.007525215595803689,0.5133333333333333,0.0037712361663282566,0.6146666666666666,0.004988876515698593,0.1362126245847176,0.007176899998236832,0.583610188261351,0.012231850517372418,0.3244444444444445,0.027397395568751,500.0,3
mistral_medium,persona,higher_education,all,0.45733333333333337,0.006182412330330475,0.4548677497158133,0.009056556829464974,0.451991316923484,0.0036823918342635525,0.5926666666666667,0.0041096093353126546,0.6593333333333334,0.0024944382578492965,0.1937984496124031,0.006264511904199758,0.5459579180509412,0.0207179257296453,0.4266666666666667,0.018856180831641256,500.0,3
mistral_medium,persona,male,all,0.48,0.007483314773547889,0.49554701393928013,0.007673231425675129,0.48340425613143795,0.006072986860773361,0.5006666666666667,0.0041096093353126546,0.6033333333333334,0.005734883511361756,0.13842746400885936,0.0031322559520998725,0.5548172757475083,0.012430755437787173,0.3422222222222222,0.012570787221094181,500.0,3
mistral_medium,persona,female,all,0.43333333333333335,0.0037712361663282566,0.42038604674203256,0.0052059487779219414,0.4284941015388555,0.004015734621781703,0.6353333333333334,0.0024944382578492965,0.6913333333333332,0.004714045207910321,0.2070874861572536,0.0015661279760499493,0.5736434108527132,0.004143585145929087,0.4577777777777778,0.0062853936105471036,500.0,3
mistral_medium,persona,not_lonely,all,0.5293333333333333,0.005249338582674546,0.5538718193966156,0.005474930103315005,0.523178489952067,0.005583690792078137,0.4346666666666667,0.004714045207910321,0.552,0.007483314773547889,0.13510520487264674,0.004143585145929066,0.4739756367663344,0.0015661279760499495,0.3022222222222222,0.0062853936105470775,500.0,3
mistral_medium,persona,somewhat_lonely,all,0.46799999999999997,0.01177568115510378,0.4822415020458594,0.012758510605637482,0.4761124849769003,0.011515007062536156,0.5,0.008164965809277268,0.6146666666666666,0.014817407180595259,0.13732004429678846,0.005646754721586697,0.5736434108527132,0.008287170291858135,0.3111111111111111,0.012570787221094181,500.0,3
mistral_medium,persona,left-wing,all,0.41333333333333333,0.0037712361663282566,0.37937211532952636,0.003715194278227796,0.3889058059991606,0.004578159706915271,0.7713333333333333,0.004988876515698593,0.7913333333333333,0.0037712361663282566,0.33997785160575855,0.006264511904199771,0.4695459579180509,0.004143585145929062,0.5955555555555555,0.01662958838566193,500.0,3
mistral_medium,persona,right-wing,all,0.4653333333333333,0.004714045207910295,0.4836303287765292,0.0035355168000193796,0.4689591321822568,0.0025330656714646505,0.46866666666666673,0.00524933858267452,0.638,0.002828427124746193,0.16057585825027687,0.008719831532681958,0.5271317829457364,0.01338100329301723,0.28444444444444444,0.012570787221094181,500.0,3
mistral_medium,persona,centrist,all,0.45,0.014142135623730965,0.4808209031769408,0.01779209670365721,0.4797783151051256,0.012191923387268735,0.418,0.012961481396815714,0.582,0.015577761927397245,0.053156146179402,0.0027126132256735094,0.6677740863787376,0.018988292579714548,0.22666666666666668,0.010886621079036337,500.0,3
mistral_medium,persona,white,all,0.512,0.0043204937989385775,0.5345520016472461,0.005925959437665048,0.5114242774603198,0.0034515897464965535,0.45733333333333337,0.009977753031397186,0.5640000000000001,0.005656854249492333,0.12624584717607973,0.0027126132256735033,0.5160575858250276,0.008287170291858124,0.32,0.01088662107903635,500.0,3
mistral_medium,persona,black,all,0.4693333333333333,0.005734883511361733,0.45932193978558145,0.006802952904668321,0.4566703004999661,0.006035691822322934,0.6266666666666666,0.010624918300339493,0.6773333333333333,0.010873004286866687,0.24363233665559247,0.012819309969867358,0.4894795127353267,0.013920049933528827,0.4266666666666667,0.01088662107903635,500.0,3
mistral_medium,persona,asian,all,0.47866666666666663,0.0018856180831641283,0.4776382665245487,0.001837674536325567,0.47011242123383795,0.0028667283386960432,0.5846666666666667,0.0024944382578492965,0.6433333333333334,0.0041096093353126546,0.2026578073089701,0.004698383928149809,0.5116279069767441,0.007176899998236829,0.41333333333333333,0.01088662107903635,500.0,3
mistral_medium,persona,christian,all,0.40199999999999997,0.006531972647421791,0.37877813812790384,0.009743957014047613,0.3981112171050109,0.006343691228117274,0.6673333333333334,0.00805536398239639,0.73,0.00489897948556636,0.21926910299003322,0.0027126132256735033,0.6035437430786269,0.013920049933528822,0.47555555555555556,0.0062853936105470775,500.0,3
mistral_medium,persona,muslim,all,0.42933333333333334,0.005734883511361756,0.40158570197046073,0.008882966583556034,0.4199514610776201,0.005722323531708994,0.6880000000000001,0.008640987597877103,0.7226666666666667,0.008219218670625309,0.2524916943521595,0.004698383928149822,0.5514950166112956,0.007176899998236829,0.46222222222222226,0.0062853936105471036,500.0,3
mistral_medium,persona,jewish,all,0.4613333333333334,0.0009428090415820641,0.440246395428183,0.003757041743272656,0.4419460602244422,0.001964142086950605,0.6999999999999998,0.008164965809277268,0.7373333333333333,0.003399346342395193,0.3300110741971207,0.004143585145929043,0.4186046511627907,0.005425226451347029,0.46222222222222226,0.016629588385661954,500.0,3
mistral_medium,persona,atheist,all,0.5413333333333333,0.006798692684790386,0.5621091928166551,0.005813163444251523,0.5299934131057228,0.005531886955612614,0.448,0.00489897948556636,0.5506666666666667,0.0041096093353126546,0.15171650055370986,0.005646754721586684,0.4462901439645626,0.011293509443173394,0.32,0.0,500.0,3
mistral_medium,persona,hindu,all,0.43533333333333335,0.0033993463423951926,0.4124385509831063,0.006142775989890463,0.43380026074841593,0.0030796541250421266,0.6466666666666666,0.00659966329107445,0.6946666666666665,0.0041096093353126546,0.2159468438538206,0.007176899998236833,0.583610188261351,0.010962895832349594,0.3955555555555556,0.012570787221094181,500.0,3
qwen3_32b,baseline,baseline,gender,0.5048349800294303,0.02021050850045028,0.4874502553882057,0.022047682524006223,0.5088720182459765,0.020531979052642525,0.4403335435498563,0.01803177760958176,0.5643612921308948,0.024545323485764787,0.15708812260536398,0.015016295087430943,0.5446086480569239,0.03214304840637007,0.36624396135265697,0.025623368972556914,139.33333333333334,3
qwen3_32b,persona,15,gender,0.46244131455399057,0.008783233302286236,0.4156797668768164,0.017207626346511094,0.45646899621412335,0.008716479908419634,0.392018779342723,0.01196952937463096,0.5892018779342724,0.008783233302286236,0.1164021164021164,0.029930445764509945,0.7301587301587301,0.06857926664981862,0.1875,0.0170103454359943,142.0,3
qwen3_32b,persona,35,gender,0.4366197183098592,0.00995925043924716,0.3910062025818026,0.018129303242668704,0.42808217146835004,0.013170472980538347,0.43427230046948356,0.04890297337089122,0.6173708920187794,0.025928077505134425,0.12169312169312169,0.04166141732281381,0.7354497354497354,0.045514948502871015,0.27083333333333337,0.04500514373894347,142.0,3
qwen3_32b,persona,65,gender,0.4154929577464788,0.019918500878494293,0.3641009024438186,0.014654161688976281,0.4008388643648389,0.020194021060844003,0.3826291079812207,0.025928077505134425,0.6267605633802816,0.02073183301954896,0.09523809523809523,0.012960263189328984,0.7883597883597884,0.007482611441127461,0.20833333333333334,0.0,142.0,3
qwen3_32b,persona,no_formal_education,gender,0.4225352112676057,0.015213006334290732,0.380117545204721,0.03116309495790931,0.3964760621774834,0.03212694694251385,0.25586854460093894,0.025928077505134418,0.636150234741784,0.01848358655871318,0.1164021164021164,0.014965222882254972,0.708994708994709,0.0416614173228138,0.08333333333333333,0.04500514373894348,142.0,3
qwen3_32b,persona,high_school_education,gender,0.460093896713615,0.003319750146415712,0.429557074049936,0.0020746617669464896,0.4550807057440254,0.009119816553906413,0.3708920187793427,0.020193251800569544,0.596244131455399,0.02019325180056952,0.12698412698412698,0.038880789567986955,0.671957671957672,0.04551494850287102,0.21527777777777776,0.01964185503295965,142.0,3
qwen3_32b,persona,higher_education,gender,0.4225352112676057,0.01724992776607872,0.3705830957759069,0.022593884730869904,0.4146272314569494,0.021656567768774476,0.48826291079812206,0.02950658471825476,0.6338028169014085,0.028749879610131205,0.12698412698412698,0.02592052637865797,0.7513227513227513,0.007482611441127461,0.34027777777777773,0.025983731852596816,142.0,3
qwen3_32b,persona,male,gender,0.4694835680751173,0.008783233302286236,0.4335287986404089,0.004083644672289837,0.46925968768464776,0.004889607164615315,0.45774647887323944,0.01724992776607872,0.5845070422535211,0.009959250439247135,0.12169312169312169,0.014965222882254974,0.6825396825396824,0.02592052637865797,0.3263888888888889,0.03540985773328322,142.0,3
qwen3_32b,persona,female,gender,0.4295774647887323,0.01724992776607872,0.37258018463997233,0.01928608539662218,0.4192565426954585,0.015413809386307153,0.5,0.015213006334290758,0.6314553990610329,0.008783233302286284,0.13756613756613756,0.03741305720563743,0.746031746031746,0.05939138709164988,0.3333333333333333,0.06133167268283228,142.0,3
qwen3_32b,persona,not_lonely,gender,0.5046948356807511,0.020193251800569544,0.4843155866678291,0.014829096780337073,0.5133390349942833,0.01963234184147049,0.33568075117370894,0.003319750146415712,0.5422535211267606,0.034975738088618175,0.10582010582010581,0.045514948502871036,0.6296296296296297,0.05844106358300135,0.19444444444444445,0.03540985773328322,142.0,3
qwen3_32b,persona,somewhat_lonely,gender,0.4272300469483568,0.018483586558713162,0.3750773902386373,0.03323545349441806,0.4079886804652932,0.02458654247484899,0.34976525821596244,0.04038650360113911,0.5985915492957746,0.022999903688104974,0.0582010582010582,0.03261594710565596,0.8148148148148149,0.0523782800878924,0.18055555555555555,0.019641855032959663,142.0,3
qwen3_32b,persona,left-wing,gender,0.4507042253521127,0.025063563971904478,0.4005133753629346,0.02806733281804704,0.4428906322575911,0.02774465337668982,0.4812206572769953,0.01196952937463096,0.6032863849765259,0.02323825102491003,0.12169312169312169,0.02697893922535865,0.7354497354497355,0.049066764526432306,0.3194444444444444,0.009820927516479817,142.0,3
qwen3_32b,persona,right-wing,gender,0.4859154929577465,0.011499951844052487,0.4672623591544988,0.008240444894279596,0.48253058640685936,0.02071158160148276,0.323943661971831,0.03770511362490377,0.5727699530516431,0.032695747129540195,0.12169312169312169,0.04166141732281382,0.6137566137566137,0.061247814300477356,0.20138888888888887,0.049104637582399135,142.0,3
qwen3_32b,persona,centrist,gender,0.46948356807511743,0.020193251800569544,0.4482142257928013,0.014584489453926455,0.4678925570489372,0.02425574805442914,0.284037558685446,0.017566466604572496,0.5516431924882629,0.026558001171325746,0.047619047619047616,0.03428963332490931,0.7195767195767195,0.0523782800878924,0.16666666666666666,0.06804138174397717,142.0,3
qwen3_32b,persona,white,gender,0.4859154929577465,0.0,0.4696475412119067,0.008617629098155057,0.49702607267229487,0.0012087707110491996,0.363849765258216,0.011969529374630953,0.551643192488263,0.003319750146415712,0.07936507936507936,0.012960263189328984,0.6507936507936508,0.04672889347263413,0.2916666666666667,0.0170103454359943,142.0,3
qwen3_32b,persona,black,gender,0.4131455399061033,0.020193251800569544,0.3657326073638864,0.030260119033975564,0.405679594848346,0.023522250376258762,0.5046948356807511,0.021769057501163595,0.6502347417840376,0.016598750732078556,0.14285714285714285,0.02592052637865797,0.7248677248677248,0.06124781430047741,0.3819444444444445,0.025983731852596816,142.0,3
qwen3_32b,persona,asian,gender,0.4859154929577465,0.019918500878494293,0.4363555721401759,0.021922191067059973,0.47790886036385327,0.020568454002443004,0.44835680751173707,0.013279000585662873,0.57981220657277,0.01756646660457247,0.14814814814814814,0.014965222882254972,0.6878306878306878,0.032615947105655935,0.22916666666666666,0.01701034543599429,142.0,3
qwen3_32b,persona,christian,gender,0.44835680751173707,0.028363957684494286,0.4001494991649499,0.030802476709481576,0.43680661617522126,0.03100776956218116,0.38497652582159625,0.02950658471825478,0.5962441314553991,0.02717332606288787,0.10052910052910052,0.01979712903054995,0.7566137566137566,0.032615947105655935,0.19444444444444445,0.03540985773328322,142.0,3
qwen3_32b,persona,muslim,gender,0.44835680751173707,0.023238251024910006,0.3985726772460729,0.021111663172501776,0.4387509005068384,0.018650149750074372,0.39906103286384975,0.04238373259452532,0.596244131455399,0.011969529374630933,0.10052910052910052,0.02697893922535865,0.7619047619047619,0.04672889347263413,0.20833333333333334,0.01701034543599429,142.0,3
qwen3_32b,persona,jewish,gender,0.4553990610328638,0.003319750146415712,0.4099570986752823,0.00610830851903676,0.44961055138535505,0.001150196020829144,0.460093896713615,0.03269574712954018,0.6103286384976525,0.008783233302286236,0.14814814814814814,0.02697893922535865,0.693121693121693,0.026978939225358642,0.28472222222222227,0.042808430576173444,142.0,3
qwen3_32b,persona,atheist,gender,0.49295774647887325,0.025063563971904478,0.4757588324673021,0.022271449021548977,0.4988251315941283,0.02762854634357713,0.3615023474178403,0.03166839803575595,0.5492957746478874,0.02987775131774146,0.09523809523809523,0.012960263189328984,0.6402116402116401,0.007482611441127512,0.2569444444444444,0.05196746370519363,142.0,3
qwen3_32b,persona,hindu,gender,0.460093896713615,0.02176905750116362,0.4241608930118967,0.02281469029844929,0.4563941733245736,0.023316575707520604,0.3568075117370892,0.003319750146415738,0.5774647887323944,0.015213006334290733,0.08465608465608465,0.01979712903054995,0.7354497354497355,0.0395942580610999,0.19444444444444442,0.025983731852596812,142.0,3
qwen3_32b,baseline,baseline,race_ethnicity,0.5899975633528265,0.013541369344218738,0.561740980110513,0.00786324713466226,0.46709794579481256,0.00721065438422978,0.33888888888888885,0.012366266477160118,0.5375730994152047,0.013047511869115732,0.39258312020460356,0.016534540956570375,0.4114805342426826,0.04249102514518312,0.5375118708452041,0.04536589140549358,167.33333333333334,3
qwen3_32b,persona,15,race_ethnicity,0.4756335282651072,0.0027567515835732843,0.45955812901173143,0.009682898542076778,0.3801324544234348,0.02287962296220561,0.1949317738791423,0.04116708008175999,0.608187134502924,0.008270254750719828,0.26143790849673204,0.024455277037738185,0.6666666666666666,0.06978482517667525,0.2962962962962963,0.08000914442478839,171.0,3
qwen3_32b,persona,35,race_ethnicity,0.49317738791423,0.02715085434148953,0.4823089751035548,0.03654717879613955,0.3853951037334958,0.047019243200971825,0.24756335282651074,0.04004412979371177,0.5867446393762183,0.040044129793711754,0.24836601307189543,0.0562243481506054,0.6535947712418301,0.04029028760110446,0.46913580246913583,0.09238660214256646,171.0,3
qwen3_32b,persona,65,race_ethnicity,0.442495126705653,0.03353733047579971,0.45092300411015424,0.029637700486527335,0.37290388335821983,0.021437622370413818,0.1267056530214425,0.06064853483861226,0.6101364522417154,0.03353733047579971,0.16339869281045752,0.009243225897863373,0.7320261437908497,0.009243225897863385,0.3333333333333333,0.08000914442478839,171.0,3
qwen3_32b,persona,no_formal_education,race_ethnicity,0.38011695906432746,0.026585149506795042,0.40534941728374124,0.027757504003990494,0.35456918055527914,0.03170274611828188,-0.01949317738791423,0.024502544035041974,0.7056530214424951,0.031792410195516735,0.17647058823529413,0.027729677693590093,0.6470588235294118,0.05545935538718021,0.2839506172839506,0.04619330107128322,171.0,3
qwen3_32b,persona,high_school_education,race_ethnicity,0.4775828460038986,0.014587358233036809,0.4925439886720679,0.0062542516567588,0.4219569047164662,0.007193303011456253,0.13450292397660818,0.025266045607827914,0.6062378167641326,0.0055135031671465695,0.26143790849673204,0.036972903591453464,0.5490196078431373,0.032019473761871635,0.32098765432098764,0.03491885339192827,171.0,3
qwen3_32b,persona,higher_education,race_ethnicity,0.5165692007797271,0.021530918162158425,0.49599521816893793,0.009867100809453262,0.3990496520460041,0.00506414594189999,0.2982456140350877,0.048459270544468046,0.5828460038986355,0.015348943224194571,0.3137254901960784,0.027729677693590082,0.5751633986928104,0.024455277037738143,0.5185185185185185,0.05237828008789243,171.0,3
qwen3_32b,persona,male,race_ethnicity,0.50682261208577,0.01987921837658006,0.4875730570950389,0.015037571290672562,0.384797144602602,0.02400433653399272,0.30019493177387907,0.00993960918829003,0.5925925925925926,0.0027567515835732583,0.32026143790849676,0.06061188559147519,0.5751633986928105,0.07897415669016061,0.5308641975308642,0.04619330107128322,171.0,3
qwen3_32b,persona,female,race_ethnicity,0.5048732943469786,0.04279629317758314,0.47179016612878816,0.03970570214550196,0.3807430105147158,0.04623122367070192,0.31773879142300193,0.005513503167146569,0.6140350877192983,0.04162603607029751,0.3790849673202614,0.009243225897863359,0.5490196078431372,0.04235778234253505,0.48148148148148145,0.10903408476947961,171.0,3
qwen3_32b,persona,not_lonely,race_ethnicity,0.4873294346978558,0.012016401565241669,0.498226220975088,0.016754592880130197,0.42275742408872663,0.012294586879282414,0.14035087719298245,0.009549667613189776,0.5964912280701754,0.016540509501439708,0.24183006535947715,0.024455277037738185,0.5816993464052287,0.018486451795726718,0.3209876543209877,0.04619330107128322,171.0,3
qwen3_32b,persona,somewhat_lonely,race_ethnicity,0.4074074074074074,0.014587358233036809,0.41976069351864337,0.012437173470122888,0.35687839365514007,0.0135880852857911,0.07797270955165692,0.035195848119430384,0.6471734892787525,0.023553695854960165,0.17647058823529413,0.027729677693590093,0.7124183006535948,0.05622434815060538,0.2839506172839506,0.04619330107128323,171.0,3
qwen3_32b,persona,left-wing,race_ethnicity,0.5536062378167642,0.01807722903605402,0.535902178604533,0.020095253650136657,0.4392741401520037,0.013088955393646892,0.290448343079922,0.024032803130483338,0.5321637426900585,0.034431816242993574,0.2745098039215686,0.07336583111321456,0.5816993464052287,0.06470258128504355,0.46913580246913583,0.07610387657986392,171.0,3
qwen3_32b,persona,right-wing,race_ethnicity,0.4834307992202729,0.0027567515835732843,0.49967279367006795,0.004463649983667318,0.43353168458402486,0.008640019367999203,0.0935672514619883,0.020813018035148755,0.6276803118908383,0.012016401565241646,0.2549019607843137,0.027729677693590107,0.5163398692810458,0.04621612948931685,0.345679012345679,0.07610387657986391,171.0,3
qwen3_32b,persona,centrist,race_ethnicity,0.4483430799220273,0.037088299396570074,0.46880063669711913,0.04054342714027104,0.3977274330124934,0.03735683319659576,0.07797270955165692,0.012016401565241669,0.5964912280701755,0.03342383664616422,0.1372549019607843,0.027729677693590107,0.7124183006535948,0.051464103751711184,0.271604938271605,0.017459426695964137,171.0,3
qwen3_32b,persona,white,race_ethnicity,0.5009746588693957,0.02450254403504198,0.4925235904331952,0.029676958559753764,0.3963941172531329,0.030817042568583395,0.23196881091617935,0.021530918162158404,0.5906432748538012,0.03908369913404175,0.26143790849673204,0.04029028760110442,0.6209150326797386,0.009243225897863385,0.4444444444444444,0.08000914442478839,171.0,3
qwen3_32b,persona,black,race_ethnicity,0.5029239766081871,0.008270254750719854,0.4839564184485417,0.010698630412971874,0.3838361075574524,0.014432252551580782,0.2923976608187135,0.017215908121496776,0.580896686159844,0.0027567515835732583,0.2745098039215686,0.016009736880935817,0.6339869281045751,0.024455277037738178,0.5308641975308642,0.06295085819250351,171.0,3
qwen3_32b,persona,asian,race_ethnicity,0.5497076023391813,0.020813018035148744,0.5246378029380038,0.010996769664134425,0.43102979335303854,0.02000569149696298,0.2962962962962963,0.021530918162158404,0.5380116959064328,0.01263302280391394,0.28758169934640526,0.06470258128504355,0.6013071895424836,0.06665384985088607,0.419753086419753,0.09238660214256646,171.0,3
qwen3_32b,persona,christian,race_ethnicity,0.44639376218323584,0.011027006334293137,0.4398450564284879,0.0034407692207902465,0.35770352723839755,0.0017659842602661254,0.1734892787524366,0.03353733047579971,0.6257309941520468,0.009549667613189776,0.22222222222222224,0.04891055407547637,0.7124183006535948,0.036972903591453436,0.345679012345679,0.017459426695964134,171.0,3
qwen3_32b,persona,muslim,race_ethnicity,0.46588693957115007,0.012016401565241669,0.4702753977648419,0.013588337054581918,0.3860489127474076,0.016471374095191532,0.1793372319688109,0.038594522170025986,0.6042884990253411,0.014587358233036809,0.21568627450980393,0.04802921064280742,0.6666666666666666,0.027729677693590107,0.4074074074074074,0.0302406141084343,171.0,3
qwen3_32b,persona,jewish,race_ethnicity,0.5126705653021442,0.015348943224194571,0.47601130552316323,0.01739277786540344,0.3708902304908835,0.021309713361019538,0.34113060428849895,0.021530918162158404,0.5984405458089669,0.027977972893581553,0.35294117647058826,0.0480292106428074,0.5816993464052288,0.04891055407547638,0.5432098765432098,0.07610387657986392,171.0,3
qwen3_32b,persona,atheist,race_ethnicity,0.49902534113060426,0.036154458072108,0.5072590687547701,0.03318330341140037,0.42319398644661993,0.03531702389934015,0.1793372319688109,0.03353733047579971,0.5769980506822612,0.036154458072108,0.2352941176470588,0.03201947376187162,0.5947712418300654,0.018486451795726718,0.38271604938271603,0.08729713347982068,171.0,3
qwen3_32b,persona,hindu,race_ethnicity,0.45029239766081863,0.021881037349555214,0.4687918096837507,0.023270851568290597,0.39597520378133294,0.03186194215681795,0.1111111111111111,0.02658514950679504,0.6101364522417154,0.022564984215965325,0.19607843137254902,0.016009736880935804,0.6470588235294118,0.04802921064280742,0.3209876543209876,0.09720997375323223,171.0,3
qwen3_32b,baseline,baseline,religion,0.6601748086896602,0.03075852995090279,0.682852624407572,0.02981692728795337,0.558301761843088,0.02503323592733052,0.19134660718819133,0.016800285858570067,0.44209915497044205,0.03663732528576738,0.26697388632872504,0.03555528420074792,0.2955453149001536,0.026502926975348326,0.36507936507936506,0.10122289137412163,97.66666666666667,3
qwen3_32b,persona,15,religion,0.5115511551155115,0.009334742985961032,0.5480185632347645,0.006683931357704978,0.4333182747472641,0.007137451441115455,0.20132013201320131,0.028390512432483906,0.5775577557755774,0.012348704246778695,0.2571428571428572,0.06172133998483676,0.5142857142857143,0.06172133998483676,0.3703703703703703,0.05237828008789241,101.0,3
qwen3_32b,persona,35,religion,0.5247524752475248,0.04042062281820425,0.5634754145509299,0.02920926001838402,0.4275540415255856,0.027495533726883896,0.21122112211221122,0.030606001635299345,0.5412541254125413,0.03645333669038699,0.18095238095238098,0.01346870059402948,0.6,0.02332847374079218,0.48148148148148145,0.05237828008789243,101.0,3
qwen3_32b,persona,65,religion,0.43234323432343236,0.025986824666705648,0.4919687924224682,0.023814861459006246,0.3837071370172725,0.023417693473868212,0.09570957095709572,0.004667371492980516,0.6171617161716171,0.02598682466670567,0.14285714285714285,0.023328473740792173,0.6666666666666666,0.048562090605645584,0.2962962962962963,0.10475656017578482,101.0,3
qwen3_32b,persona,no_formal_education,religion,0.3993399339933994,0.01866948597192204,0.44941214418743763,0.015614622713345388,0.3608375851051367,0.010772739885522888,0.0297029702970297,0.042006343436824606,0.7161716171617162,0.02333685746490253,0.22857142857142856,0.02332847374079216,0.5619047619047618,0.02693740118805896,0.2222222222222222,0.0,101.0,3
qwen3_32b,persona,high_school_education,religion,0.4653465346534653,0.02914772563144504,0.5246574131051205,0.034570471565760694,0.41592715581176315,0.029351248969099606,0.1122112211221122,0.05735362111215434,0.6006600660066007,0.03645333669038699,0.19047619047619047,0.07126966450997983,0.5523809523809523,0.07499055118106487,0.3703703703703704,0.10475656017578482,101.0,3
qwen3_32b,persona,higher_education,religion,0.570957095709571,0.024697408493557352,0.6025845216046503,0.020101904896398803,0.4746236660197593,0.020175899292485516,0.21452145214521448,0.025986824666705648,0.49834983498349833,0.020344600669864626,0.20000000000000004,0.023328473740792166,0.5428571428571428,0.040406101782088415,0.3333333333333333,0.09072184232530289,101.0,3
qwen3_32b,persona,male,religion,0.5643564356435644,0.014002114478941495,0.5898725676245181,0.012417587592259183,0.4656627312757553,0.014199583747821074,0.2277227722772277,0.016168249127281705,0.5115511551155115,0.009334742985961032,0.20952380952380953,0.02693740118805895,0.5619047619047618,0.048562090605645584,0.3333333333333333,0.0,101.0,3
qwen3_32b,persona,female,religion,0.5148514851485149,0.014002114478941547,0.541830496803929,0.007709482103076041,0.42543975925023664,0.002954213604983097,0.2244224422442244,0.045968278142521836,0.5808580858085809,0.020344600669864578,0.26666666666666666,0.07126966450997983,0.5333333333333333,0.07126966450997985,0.3703703703703703,0.05237828008789241,101.0,3
qwen3_32b,persona,not_lonely,religion,0.5412541254125413,0.02333685746490253,0.6093441911772636,0.019877626515903822,0.48512031292116914,0.028941063418833977,0.0429042904290429,0.018669485971922053,0.5181518151815182,0.02469740849355739,0.14285714285714285,0.023328473740792173,0.4380952380952381,0.05387480237611787,0.3333333333333333,0.09072184232530289,101.0,3
qwen3_32b,persona,somewhat_lonely,religion,0.3762376237623763,0.01616824912728172,0.4445721099850537,0.014386118728401506,0.350499568182495,0.00870044258048861,0.019801980198019802,0.05600845791576614,0.6468646864686468,0.009334742985961032,0.06666666666666667,0.026937401188058957,0.7619047619047619,0.01346870059402948,0.25925925925925924,0.10475656017578482,101.0,3
qwen3_32b,persona,left-wing,religion,0.5511551155115512,0.0283905124324839,0.5787123815724208,0.03643141893012255,0.44536591294152883,0.031878161763532996,0.24092409240924093,0.020344600669864616,0.5181518151815182,0.03645333669038699,0.20000000000000004,0.023328473740792166,0.580952380952381,0.03563483225498993,0.4444444444444444,0.09072184232530292,101.0,3
qwen3_32b,persona,right-wing,religion,0.43234323432343236,0.02839051243248392,0.5080094935691318,0.02667309986083165,0.41777837583909694,0.03211633901528648,-0.09570957095709572,0.03987803951681377,0.6369636963696369,0.0414845052474473,0.0857142857142857,0.023328473740792173,0.5428571428571428,0.08081220356417686,0.25925925925925924,0.05237828008789241,101.0,3
qwen3_32b,persona,centrist,religion,0.42574257425742573,0.029147725631445038,0.502104664296752,0.0334935947851205,0.4129735606096292,0.023535138305317838,-0.019801980198019802,0.04277716632612449,0.6006600660066007,0.04068920133972921,0.07619047619047618,0.035634832254989916,0.6476190476190476,0.03563483225498993,0.14814814814814814,0.05237828008789241,101.0,3
qwen3_32b,persona,white,religion,0.5313531353135313,0.05197364933341129,0.5818973557256463,0.04572914926343917,0.45652634653496477,0.04464210618524724,0.13201320132013203,0.02034460066986461,0.5412541254125413,0.06279306135458892,0.1619047619047619,0.02693740118805896,0.5428571428571428,0.04040610178208844,0.4074074074074074,0.05237828008789241,101.0,3
qwen3_32b,persona,black,religion,0.5346534653465347,0.02800422895788309,0.5717910912285687,0.015963465563695954,0.4271663071012515,0.01723192195891698,0.23102310231023104,0.06067582940874665,0.5148514851485149,0.014002114478941546,0.14285714285714288,0.04040610178208843,0.6476190476190476,0.05387480237611793,0.5555555555555556,0.0,101.0,3
qwen3_32b,persona,asian,religion,0.5478547854785479,0.020344600669864578,0.5737535701103683,0.010123404460481716,0.43423073821364216,0.009591181799426186,0.24752475247524752,0.02914772563144503,0.504950495049505,0.014002114478941546,0.15238095238095237,0.026937401188058957,0.6666666666666666,0.03563483225498993,0.4444444444444444,0.0,101.0,3
qwen3_32b,persona,christian,religion,0.4884488448844884,0.03987803951681378,0.550323640018512,0.04087032861992987,0.4428526313644963,0.038248321460662364,0.08910891089108912,0.0161682491272817,0.570957095709571,0.04939481698711473,0.1714285714285714,0.04040610178208843,0.5428571428571428,0.02332847374079218,0.25925925925925924,0.05237828008789241,101.0,3
qwen3_32b,persona,muslim,religion,0.49504950495049505,0.024252373690922556,0.5344756645313545,0.03192770505980013,0.40272672824990124,0.022263455178872113,0.19471947194719474,0.004667371492980516,0.5577557755775578,0.028390512432483892,0.15238095238095237,0.013468700594029482,0.6761904761904761,0.03563483225498993,0.4074074074074074,0.05237828008789241,101.0,3
qwen3_32b,persona,jewish,religion,0.5280528052805281,0.012348704246778695,0.547592371246281,0.011333610160975071,0.41503886431694953,0.01535778253951491,0.25412541254125415,0.009334742985961032,0.537953795379538,0.01866948597192201,0.19047619047619047,0.035634832254989916,0.6571428571428571,0.06172133998483679,0.4074074074074074,0.10475656017578484,101.0,3
qwen3_32b,persona,atheist,religion,0.5445544554455446,0.02138858316306223,0.6013891755435256,0.03151454246894299,0.4946207596818029,0.02916986641162497,0.08910891089108912,0.028004228957883067,0.5181518151815182,0.040689201339729184,0.17142857142857146,0.06172133998483676,0.4761904761904761,0.07499055118106485,0.2222222222222222,0.09072184232530289,101.0,3
qwen3_32b,persona,hindu,religion,0.42574257425742573,0.0352378820199053,0.495038116248534,0.030141502624799657,0.3916268824088767,0.029269492369191658,0.0561056105610561,0.016828447239580147,0.6105610561056105,0.02839051243248394,0.10476190476190476,0.035634832254989916,0.6761904761904761,0.03563483225498993,0.29629629629629634,0.18885257457751056,101.0,3
qwen3_32b,baseline,baseline,other,0.5473389355742297,0.02231070896553485,0.5519094847614238,0.025485326043649267,0.5449808811753303,0.018104088918964242,0.42643239113827347,0.044440326580035,0.5778966131907308,0.040701085565811264,0.2225452196382429,0.035285897025693576,0.36627906976744184,0.012333257811393267,0.210239651416122,0.10342275338926295,82.33333333333333,3
qwen3_32b,persona,15,other,0.4588235294117647,0.025414669405521024,0.43896871270351406,0.028922327739953103,0.4778625861491779,0.029067111018271183,0.4470588235294118,0.025414669405521024,0.6117647058823529,0.03463435633854059,0.125,0.029462782549439473,0.6527777777777778,0.009820927516479793,0.0925925925925926,0.05237828008789241,85.0,3
qwen3_32b,persona,35,other,0.48627450980392156,0.019996154955265827,0.4695537649733912,0.0277493242285629,0.5044558220765528,0.017339814019314035,0.4588235294117647,0.05998846486579749,0.6,0.02541466940552103,0.1527777777777778,0.04280843057617345,0.5902777777777778,0.04280843057617347,0.1111111111111111,0.0,85.0,3
qwen3_32b,persona,65,other,0.388235294117647,0.009605842128561493,0.36728227911271055,0.012396999495550712,0.41297467208959354,0.007723056148849238,0.40392156862745093,0.033734608890363255,0.6549019607843137,0.005545935538718,0.0763888888888889,0.019641855032959656,0.7569444444444443,0.025983731852596812,0.07407407407407407,0.026189140043946204,85.0,3
qwen3_32b,persona,no_formal_education,other,0.4196078431372549,0.019996154955265827,0.4319704117798646,0.02554171344291302,0.4255809945705551,0.026972107999908727,0.3686274509803922,0.05790126690287608,0.6666666666666666,0.047384494014096376,0.14583333333333334,0.05892556509887896,0.5555555555555555,0.03540985773328321,0.18518518518518515,0.026189140043946204,85.0,3
qwen3_32b,persona,high_school_education,other,0.4549019607843137,0.033734608890363255,0.45453901709079836,0.042314366315435725,0.4670150918529347,0.03088645884479099,0.396078431372549,0.033734608890363234,0.6313725490196078,0.03373460889036321,0.1527777777777778,0.009820927516479817,0.5625,0.05892556509887896,0.1111111111111111,0.045360921162651446,85.0,3
qwen3_32b,persona,higher_education,other,0.46274509803921565,0.011091871077436026,0.446552975542839,0.01301886592166777,0.47859848613544065,0.013299875695929494,0.5058823529411764,0.03463435633854059,0.6313725490196078,0.014673166222642895,0.16666666666666666,0.01701034543599429,0.5902777777777778,0.03540985773328324,0.2222222222222222,0.07856742013183861,85.0,3
qwen3_32b,persona,male,other,0.5019607843137255,0.01999615495526582,0.4925835021367972,0.020492247316557476,0.5141709202799428,0.02564555227801963,0.49411764705882355,0.03463435633854057,0.6039215686274509,0.045395438834471495,0.1875,0.05103103630798288,0.5138888888888888,0.04280843057617346,0.2222222222222222,0.04536092116265146,85.0,3
qwen3_32b,persona,female,other,0.4549019607843137,0.0146731662226429,0.42719085742806606,0.021554203973151526,0.46778626734098133,0.013678296989851704,0.5176470588235293,0.01921168425712294,0.6588235294117647,0.019211684257122986,0.20138888888888892,0.009820927516479831,0.5833333333333334,0.01701034543599428,0.14814814814814814,0.06928995160692483,85.0,3
qwen3_32b,persona,not_lonely,other,0.5254901960784313,0.022183742154872052,0.5396522277260746,0.024427909991488875,0.5323941196548784,0.017237811527399123,0.3176470588235294,0.02881752638568446,0.5529411764705882,0.01663780661615405,0.13888888888888892,0.009820927516479831,0.4583333333333333,0.06133167268283228,0.0925925925925926,0.05237828008789241,85.0,3
qwen3_32b,persona,somewhat_lonely,other,0.41568627450980394,0.029346332445285825,0.4075439355417341,0.037785440058083715,0.4357542647477999,0.030149694005422594,0.36078431372549025,0.029346332445285825,0.6352941176470589,0.03842336851424593,0.09027777777777779,0.019641855032959656,0.6875,0.03402069087198856,0.037037037037037035,0.026189140043946204,85.0,3
qwen3_32b,persona,left-wing,other,0.43529411764705883,0.019211684257122965,0.4203718430790275,0.030397547129649524,0.4500409483396155,0.021478034494820327,0.4705882352941177,0.019211684257122965,0.6666666666666666,0.03999230991053164,0.18055555555555558,0.03928371006591931,0.5902777777777777,0.019641855032959635,0.14814814814814814,0.05237828008789241,85.0,3
qwen3_32b,persona,right-wing,other,0.47450980392156866,0.03636713135488511,0.4942217896748007,0.03536114252183217,0.4757305117311657,0.04347617743732063,0.21568627450980393,0.03882154877102615,0.592156862745098,0.056285098409440466,0.09722222222222221,0.019641855032959656,0.5069444444444444,0.025983731852596788,0.037037037037037035,0.05237828008789241,85.0,3
qwen3_32b,persona,centrist,other,0.4588235294117647,0.00960584212856147,0.4682584214572045,0.010145341053740422,0.4792634032001848,0.014069373071053987,0.29411764705882354,0.034634356338540576,0.5764705882352941,0.009605842128561493,0.0625,0.0,0.6388888888888888,0.025983731852596822,0.018518518518518517,0.026189140043946204,85.0,3
qwen3_32b,persona,white,other,0.47450980392156866,0.03087846225102673,0.48417385105708194,0.0291549526664222,0.4899802933385023,0.04196594772544384,0.35294117647058826,0.025414669405521024,0.596078431372549,0.04929335329402564,0.11805555555555557,0.02598373185259682,0.5555555555555557,0.025983731852596812,0.12962962962962962,0.026189140043946204,85.0,3
qwen3_32b,persona,black,other,0.4470588235294118,0.019211684257122965,0.4363299497385471,0.02361230795002666,0.4655129969744996,0.019777457401963565,0.5019607843137255,0.03087846225102673,0.6274509803921569,0.01999615495526584,0.13194444444444445,0.009820927516479831,0.6319444444444443,0.025983731852596812,0.2777777777777778,0.045360921162651446,85.0,3
qwen3_32b,persona,asian,other,0.46274509803921565,0.03882154877102614,0.44620528257610675,0.033121203068793056,0.4868921199691341,0.03337483383047843,0.46274509803921565,0.033734608890363234,0.6039215686274509,0.019996154955265855,0.11805555555555557,0.03928371006591931,0.6527777777777778,0.07081971546656644,0.14814814814814814,0.05237828008789241,85.0,3
qwen3_32b,persona,christian,other,0.42745098039215684,0.024174172560662635,0.42265664902887523,0.01756135844789096,0.4333348102707817,0.02588311589886279,0.39215686274509803,0.0146731662226429,0.6588235294117647,0.01663780661615405,0.1527777777777778,0.025983731852596816,0.5902777777777778,0.04280843057617347,0.0925925925925926,0.06928995160692483,85.0,3
qwen3_32b,persona,muslim,other,0.47843137254901963,0.014673166222642925,0.4742296395653856,0.018026342849976118,0.511615217072796,0.016365472460907842,0.388235294117647,0.04187089510600514,0.5607843137254902,0.014673166222642905,0.06944444444444445,0.02598373185259682,0.6736111111111112,0.025983731852596822,0.07407407407407407,0.026189140043946204,85.0,3
qwen3_32b,persona,jewish,other,0.4055555555555556,0.020756136612026695,0.3832036882894358,0.022874074802231525,0.4198647067474188,0.018348476080647807,0.5315592903828198,0.018345853972783373,0.6967320261437909,0.021795205229455016,0.18158983451536645,0.034411808479940846,0.6297281323877068,0.06253753853712578,0.25925925925925924,0.026189140043946214,84.66666666666667,3
qwen3_32b,persona,atheist,other,0.5058823529411764,0.009605842128561493,0.5067665846826536,0.01167717102662314,0.5124351346564654,0.010422864013201465,0.37254901960784315,0.0146731662226429,0.6,0.02541466940552103,0.1875,0.03402069087198858,0.47222222222222227,0.025983731852596816,0.037037037037037035,0.026189140043946204,85.0,3
qwen3_32b,persona,hindu,other,0.42745098039215684,0.01999615495526582,0.4268252550562517,0.02771720404848768,0.43808369996597607,0.02675770602313153,0.35294117647058826,0.03463435633854059,0.6352941176470588,0.025414669405520982,0.11111111111111112,0.009820927516479824,0.625,0.04500514373894347,0.07407407407407407,0.06928995160692483,85.0,3
qwen3_32b,baseline,baseline,none,0.4126468769325912,0.01362709339637138,0.5192280287232885,0.010238170799407073,0.2986993164388065,0.013847045065416083,0.7259070294784581,0.013611346035763007,0.758426097711812,0.0195486035909802,0.1885613694179347,0.006301298173769992,0.42286576925286906,0.003502092942437165,0.25925925925925924,0.05237828008789241,284.0,3
qwen3_32b,persona,15,none,0.3129251700680272,0.020026668631128907,0.40337101528888825,0.018467953494560225,0.2550102134002539,0.019610747037656914,0.7596371882086168,0.02121120967558921,0.7959183673469389,0.02096739456792171,0.1198501872659176,0.00305803962894279,0.6067415730337079,0.014013698077805009,0.14814814814814817,0.09442628728875528,294.0,3
qwen3_32b,persona,35,none,0.30045351473922904,0.008927446569174399,0.3898683371238357,0.010043003803888648,0.24026490369664563,0.01695570327519324,0.7879818594104308,0.021571765975556087,0.826530612244898,0.02468428691278598,0.13982521847690385,0.017388749409717998,0.5980024968789014,0.011577551180394113,0.16666666666666666,0.07856742013183862,294.0,3
qwen3_32b,persona,65,none,0.2505668934240363,0.008484483870235704,0.32491861154457213,0.018854380689718075,0.22579105157947943,0.0116079487210364,0.7777777777777778,0.020090754134545773,0.8276643990929705,0.0197031147358081,0.08614232209737827,0.013329685707904262,0.7053682896379526,0.0076958976316716015,0.0925925925925926,0.130945700219731,294.0,3
qwen3_32b,persona,no_formal_education,none,0.3140589569160998,0.018491503889229127,0.41143159757162984,0.025245017342601483,0.23437255348242103,0.002689916470539886,0.7312925170068029,0.03631659269398404,0.7947845804988661,0.020090754134545773,0.11860174781523096,0.009830222064933595,0.5955056179775281,0.02612790204301664,0.1111111111111111,0.07856742013183861,294.0,3
qwen3_32b,persona,high_school_education,none,0.3650793650793651,0.009753203250615211,0.46663811050424225,0.011277925973047779,0.2743949907375247,0.009270204718901442,0.7142857142857143,0.02372840083498455,0.7573696145124718,0.02394411800673794,0.13483146067415733,0.016181624715125742,0.5318352059925093,0.00917411888682836,0.12962962962962962,0.026189140043946204,294.0,3
qwen3_32b,persona,higher_education,none,0.30045351473922904,0.011223917161691244,0.39310213815042805,0.01512985113483146,0.2400915284274274,0.013284936320529349,0.7857142857142857,0.005554398509712428,0.8242630385487528,0.012827333899075706,0.1373283395755306,0.008827800014813335,0.5967540574282147,0.018684930770406696,0.2222222222222222,0.04536092116265146,294.0,3
qwen3_32b,persona,male,none,0.31859410430839,0.013124531635816571,0.41716355106063546,0.0164543307207839,0.24881914848328238,0.011206872673375194,0.7766439909297053,0.022275377215859957,0.8219954648526077,0.02519967207584224,0.1548064918851436,0.017918477021731986,0.5555555555555556,0.012731634241180467,0.22222222222222224,0.07856742013183862,294.0,3
qwen3_32b,persona,female,none,0.27097505668934246,0.016740162199811105,0.3463298819582877,0.015439680888554116,0.2281876829369984,0.018728665888860224,0.8469387755102041,0.009620500424306727,0.8786848072562359,0.017854893138348798,0.16479400749063672,0.005296680008887996,0.6104868913857678,0.011025918684554093,0.14814814814814814,0.05237828008789241,294.0,3
qwen3_32b,persona,not_lonely,none,0.40589569160997735,0.009753203250615234,0.509195720643353,0.0056091026004704255,0.31194436952126375,0.011459299247559096,0.6439909297052154,0.006413666949537801,0.6938775510204082,0.005554398509712428,0.10986267166042447,0.009830222064933595,0.5131086142322098,0.01332968570790426,0.05555555555555555,0.045360921162651446,294.0,3
qwen3_32b,persona,somewhat_lonely,none,0.23242630385487528,0.008484483870235694,0.29881107789139394,0.012946996302441702,0.21351576640042866,0.019832343573032332,0.7879818594104308,0.0016034167373844633,0.8378684807256236,0.004242241935117852,0.0774032459425718,0.01235892002073866,0.7353308364544319,0.02295228003851466,0.07407407407407407,0.026189140043946204,294.0,3
qwen3_32b,persona,left-wing,none,0.2732426303854875,0.01122391716169122,0.347512836806169,0.020199068298945477,0.24528997685197895,0.006526336467354433,0.8151927437641723,0.02009075413454577,0.8424036281179138,0.02009075413454572,0.12734082397003743,0.012232158515771172,0.647940074906367,0.01332968570790426,0.14814814814814814,0.06928995160692483,294.0,3
qwen3_32b,persona,right-wing,none,0.36167800453514737,0.013699598609517645,0.4662302503901585,0.012676608790732518,0.26900239249768526,0.021778838690328404,0.6791383219954649,0.011223917161691244,0.7471655328798187,0.02084441758599798,0.11735330836454431,0.007062240011850666,0.5443196004993758,0.015084951277895883,0.0925925925925926,0.05237828008789241,294.0,3
qwen3_32b,persona,centrist,none,0.3526077097505669,0.008484483870235704,0.45533919937346906,0.007022493663775362,0.2769472585257057,0.028913451936965383,0.6394557823129251,0.012105530897994645,0.6984126984126983,0.004242241935117852,0.05617977528089888,0.014013698077805026,0.6204744069912609,0.019896850749699414,0.05555555555555555,0.0,294.0,3
qwen3_32b,persona,white,none,0.38095238095238093,0.012726725805353532,0.48759038508515795,0.013726647723408493,0.2799201726471734,0.016309581851766636,0.6689342403628119,0.02580455028739463,0.72562358276644,0.029434818561784957,0.11610486891385767,0.0186013288711003,0.5268414481897628,0.010739482231014494,0.12962962962962962,0.026189140043946204,294.0,3
qwen3_32b,persona,black,none,0.25510204081632654,0.02096739456792168,0.3376216342620431,0.02256452492272616,0.21421217145879679,0.017486728315119486,0.8401360544217686,0.013885996274281026,0.8764172335600907,0.011223917161691244,0.14481897627965043,0.010739482231014518,0.6354556803995006,0.029064785834763563,0.2962962962962963,0.10475656017578482,294.0,3
qwen3_32b,persona,asian,none,0.2800453514739229,0.00698913152264055,0.3560119679946849,0.009375174077115002,0.24118124681060316,0.008870073397738322,0.8004535147392291,0.016272902601368863,0.836734693877551,0.012726725805353516,0.1285892634207241,0.006365817120590239,0.6392009987515606,0.004671232692601686,0.07407407407407407,0.026189140043946204,294.0,3
qwen3_32b,persona,christian,none,0.2800453514739229,0.009753203250615211,0.36172659669368107,0.011812558002792146,0.24575417690937132,0.009111115652364282,0.7698412698412698,0.008927446569174399,0.808390022675737,0.006989131522640571,0.09737827715355805,0.008090812357562873,0.66541822721598,0.013789464440932897,0.12962962962962962,0.05237828008789241,294.0,3
qwen3_32b,persona,muslim,none,0.29024943310657597,0.0157918234435194,0.37158966359455564,0.02311584825202625,0.2538408932215021,0.0032062623124006193,0.7562358276643991,0.016272902601368815,0.7993197278911565,0.010013334315564464,0.0986267166042447,0.006365817120590246,0.6554307116104869,0.027180450757899193,0.05555555555555555,0.0,294.0,3
qwen3_32b,persona,jewish,none,0.2769535573046056,0.00392178799035211,0.35606225699872107,0.005427362769220261,0.23966879998774507,0.0052565831613182595,0.8365528236322971,0.0046869444335292665,0.861519351768011,0.0042903047535917185,0.15249265485811905,0.004427443568619969,0.615016004430552,0.009181681584950719,0.2222222222222222,0.04536092116265146,293.6666666666667,3
qwen3_32b,persona,atheist,none,0.3741496598639456,0.01210553089799467,0.4728478764015403,0.010565503151396982,0.29385253416448154,0.02272099903298858,0.6893424036281179,0.02312480505030744,0.7278911564625851,0.02939111427849368,0.11235955056179775,0.020052906871671675,0.5505617977528089,0.014013698077805009,0.07407407407407407,0.026189140043946204,294.0,3
qwen3_32b,persona,hindu,none,0.3242630385487528,0.010514306684235477,0.413829679485232,0.010187950186803648,0.27052990748927097,0.001403789296761308,0.7188208616780045,0.011223917161691244,0.7619047619047619,0.008331597764568642,0.09488139825218478,0.007062240011850665,0.6229712858926343,0.013789464440932899,0.037037037037037035,0.05237828008789241,294.0,3
qwen3_32b,baseline,baseline,all,0.5265560407569141,0.012100068878644898,0.5469131138026252,0.0109532385785511,0.5121047876048385,0.01053640265825914,0.45659388646288207,0.00581978397555635,0.5877729257641922,0.01729169421242212,0.1840564252818608,0.007512791029021839,0.41683114505563656,0.005976933149418788,0.34428794992175277,0.018934776674602364,486.0,3
qwen3_32b,persona,15,all,0.4246666666666667,0.006182412330330475,0.4456035407816583,0.009653637641610719,0.44266445678540817,0.004618712147867704,0.44133333333333336,0.020997354330698183,0.652,0.0065319726474218145,0.12403100775193798,0.004143585145929053,0.610188261351052,0.01493990870789817,0.20000000000000004,0.01088662107903635,500.0,3
qwen3_32b,persona,35,all,0.42933333333333334,0.004988876515698593,0.44670798342370793,0.009090685867172266,0.4448443533944771,0.008072373143735573,0.4766666666666666,0.02531578339473003,0.654,0.015577761927397243,0.13399778516057587,0.016350856102141084,0.6046511627906977,0.012430755437787162,0.26666666666666666,0.03265986323710904,500.0,3
qwen3_32b,persona,65,all,0.3706666666666667,0.010873004286866737,0.3928757638796589,0.013747017736395828,0.398875400013458,0.011361354421675901,0.42333333333333334,0.020417857108151402,0.6806666666666666,0.014636332266733394,0.08305647840531562,0.008137839677020522,0.7021040974529346,0.006264511904199745,0.19555555555555557,0.027397395568751003,500.0,3
qwen3_32b,persona,no_formal_education,all,0.3786666666666667,0.018061622912192103,0.4086215146282113,0.023161966876753586,0.3866060304657148,0.018046288077389026,0.3419999999999999,0.014514360704718147,0.71,0.02303620339089464,0.12181616832779622,0.008719831532681958,0.5946843853820597,0.020479780740760716,0.14222222222222222,0.02266230894930127,500.0,3
qwen3_32b,persona,high_school_education,all,0.446,0.0043204937989385775,0.48023148155042167,0.00640330046605991,0.45328739143324426,0.004915438376739778,0.3913333333333333,0.013888444437333117,0.6366666666666667,0.012036980056845203,0.13399778516057584,0.01365318716050715,0.5337763012181617,0.00682659358025357,0.2088888888888889,0.012570787221094167,500.0,3
qwen3_32b,persona,higher_education,all,0.43333333333333335,0.013597385369580772,0.4511754420019038,0.012601282956053556,0.4464326770130827,0.011455275284547633,0.48933333333333334,0.011585431464655188,0.6493333333333333,0.013695092389449437,0.13399778516057584,0.004143585145929062,0.6002214839424141,0.014939908707898157,0.3111111111111111,0.016629588385661954,500.0,3
qwen3_32b,persona,male,all,0.44733333333333336,0.0018856180831641283,0.4651205799554355,0.008418224645788753,0.45538982195516947,0.001037871907666693,0.492,0.015748015748023637,0.6453333333333333,0.011585431464655188,0.15171650055370986,0.014939908707898157,0.5636766334440754,0.00564675472158668,0.3111111111111111,0.027397395568751003,500.0,3
qwen3_32b,persona,female,all,0.4053333333333333,0.021746008573733447,0.4102204094511366,0.018050046308800735,0.41916178459075387,0.0219842158763234,0.5306666666666667,0.005249338582674546,0.6960000000000001,0.020461345670963714,0.16500553709856033,0.0056467547215866935,0.6146179401993356,0.01182400692362274,0.29777777777777775,0.06378977819736588,500.0,3
qwen3_32b,persona,not_lonely,all,0.48266666666666663,0.011115554667022055,0.5228166056760167,0.009039138532784062,0.486809871977764,0.010584310071657454,0.33866666666666667,0.00679869268479036,0.5866666666666666,0.007542472332656513,0.10852713178294572,0.006826593580253572,0.5060908084163898,0.016574340583716263,0.1822222222222222,0.034995590551163615,500.0,3
qwen3_32b,persona,somewhat_lonely,all,0.3433333333333333,0.0033993463423951675,0.3591408728335505,0.0021195933302258006,0.37123989131795604,0.007878902081854856,0.41333333333333333,0.018571184369578816,0.7013333333333334,0.009977753031397186,0.07308970099667773,0.01085045290269403,0.7397563676633444,0.0196235272942075,0.16,0.01885618083164127,500.0,3
qwen3_32b,persona,left-wing,all,0.4186666666666667,0.009977753031397186,0.4240123982562518,0.01362200789630977,0.4368280422130107,0.008035448100437928,0.5233333333333333,0.008379870059984364,0.6593333333333334,0.015520595635763768,0.1273532668881506,0.008719831532681958,0.6522702104097453,0.0056467547215866805,0.3022222222222222,0.04399775527382961,500.0,3
qwen3_32b,persona,right-wing,all,0.44133333333333336,0.008379870059984364,0.47804625014921637,0.01026203283223764,0.4472671715019764,0.010024461955087308,0.3393333333333333,0.012364824660660923,0.6433333333333334,0.019136933459209783,0.11517165005537099,0.007830639880249695,0.5382059800664453,0.014353799996473657,0.19111111111111112,0.0349955905511636,500.0,3
qwen3_32b,persona,centrist,all,0.432,0.010708252269472682,0.4773778725222899,0.008612973841901943,0.45053473327667953,0.012804622861458864,0.3173333333333333,0.010498677165349092,0.6026666666666666,0.010498677165349092,0.05537098560354375,0.012819309969867363,0.6168327796234773,0.013920049933528822,0.1466666666666667,0.028803291992923825,500.0,3
qwen3_32b,persona,white,all,0.48,0.0097979589711327,0.5149584831201378,0.010847804060713812,0.48506971203882715,0.012538603190892237,0.38933333333333336,0.012472191289246483,0.5946666666666666,0.02264705033528406,0.11517165005537099,0.020359663688649204,0.522702104097453,0.015894463005988176,0.25777777777777783,0.006285393610547077,500.0,3
qwen3_32b,persona,black,all,0.40066666666666667,0.007363574011458156,0.4114960068324815,0.009559912564063277,0.4156694397980734,0.007422911745007959,0.528,0.01766352173265571,0.684,0.004320493798938543,0.13953488372093023,0.007176899998236842,0.6378737541528239,0.025876680942520346,0.36000000000000004,0.02880329199292382,500.0,3
qwen3_32b,persona,asian,all,0.436,0.007483314773547889,0.4417846787606004,0.0035484343716940246,0.45618756686662776,0.005789762441016376,0.5053333333333333,0.017613126418163892,0.6386666666666666,0.003399346342395193,0.1229235880398671,0.00939676785629963,0.6445182724252492,0.010850452902694013,0.24,0.018856180831641273,500.0,3
qwen3_32b,persona,christian,all,0.3993333333333333,0.0037712361663282566,0.4224571300407199,0.003776677421086514,0.4225882290120382,0.0030179685562685718,0.4286666666666667,0.009843215373488944,0.6633333333333334,0.0024944382578492965,0.10077519379844962,0.004143585145929059,0.655592469545958,0.006826593580253576,0.20000000000000004,0.01088662107903635,500.0,3
qwen3_32b,persona,muslim,all,0.4093333333333333,0.008379870059984338,0.4319613710265493,0.011921109940638303,0.4335308803076528,0.006883863469306501,0.4346666666666667,0.014267289706021811,0.6506666666666666,0.00659966329107445,0.09634551495016612,0.005425226451347013,0.6566998892580288,0.022092953868504975,0.2088888888888889,0.016629588385661958,500.0,3
qwen3_32b,persona,jewish,all,0.42055689424364123,0.002613766461399778,0.42715185521822385,0.005567959841950077,0.4336970612075805,0.00010669078887791928,0.5267041499330656,0.008225467823968394,0.6735635876840697,0.0017457313898931086,0.15314984981314608,0.006883971532364062,0.6138105238206351,0.016737838100104846,0.3111111111111111,0.027397395568751003,499.3333333333333,3
qwen3_32b,persona,atheist,all,0.472,0.0043204937989385515,0.5074348872890363,0.006700409778743325,0.4812302170681937,0.007352006022631331,0.38466666666666666,0.017987650084309376,0.598,0.014236104336041762,0.11184939091915837,0.017439663065363924,0.5382059800664453,0.015103191248046361,0.21777777777777776,0.03142696805273544,500.0,3
qwen3_32b,persona,hindu,all,0.4086666666666667,0.009285592184789396,0.44270474641162955,0.008007807952765017,0.42815502345366063,0.008348401174121953,0.38133333333333336,0.012256517540566834,0.6466666666666666,0.00659966329107445,0.09080841638981174,0.006264511904199758,0.627906976744186,0.014353799996473673,0.17777777777777778,0.04909049340972116,500.0,3
